ProductKey,OrderDateKey,DueDateKey,ShipDateKey,CustomerKey,SalesTerritoryKey,SalesAmount
535,20210101,20210113,20210108,11051,9,24.99
528,20210101,20210113,20210108,11051,9,4.99
222,20210101,20210113,20210108,11051,9,34.99
535,20210101,20210113,20210108,11079,9,24.99
539,20210101,20210113,20210108,15154,9,24.99
536,20210101,20210113,20210108,17250,9,29.99
528,20210101,20210113,20210108,17250,9,4.99
485,20210101,20210113,20210108,19091,9,21.98
485,20210101,20210113,20210108,18304,9,21.98
480,20210101,20210113,20210108,18304,9,2.29
476,20210101,20210113,20210108,26772,9,69.99
489,20210101,20210113,20210108,26772,9,53.99
541,20210101,20210113,20210108,16486,9,28.99
530,20210101,20210113,20210108,16486,9,4.99
480,20210101,20210113,20210108,16486,9,2.29
222,20210101,20210113,20210108,11733,4,34.99
530,20210101,20210113,20210108,28258,4,4.99
480,20210101,20210113,20210108,28258,4,2.29
540,20210101,20210113,20210108,25189,1,32.60
483,20210101,20210113,20210108,25189,1,120.00
536,20210101,20210113,20210108,22187,1,29.99
480,20210101,20210113,20210108,22187,1,2.29
528,20210101,20210113,20210108,22105,4,4.99
536,20210101,20210113,20210108,22105,4,29.99
480,20210101,20210113,20210108,22105,4,2.29
484,20210101,20210113,20210108,22105,4,7.95
475,20210101,20210113,20210108,20757,1,69.99
477,20210101,20210113,20210108,16368,1,4.99
217,20210101,20210113,20210108,16368,1,34.99
228,20210101,20210113,20210108,16368,1,49.99
225,20210101,20210113,20210108,16368,1,8.99
528,20210101,20210113,20210108,21925,6,4.99
480,20210101,20210113,20210108,21925,6,2.29
475,20210101,20210113,20210108,14546,10,69.99
491,20210101,20210113,20210108,14546,10,53.99
477,20210101,20210113,20210108,23768,10,4.99
465,20210101,20210113,20210108,23768,10,24.49
529,20210101,20210113,20210108,12606,7,3.99
217,20210101,20210113,20210108,12606,7,34.99
225,20210101,20210113,20210108,12606,7,8.99
537,20210101,20210113,20210108,11142,6,35.00
528,20210101,20210113,20210108,11142,6,4.99
214,20210101,20210113,20210108,11142,6,34.99
530,20210101,20210113,20210108,25570,7,4.99
465,20210101,20210113,20210108,25570,7,24.49
530,20210101,20210113,20210108,28917,7,4.99
487,20210101,20210113,20210108,28917,7,54.99
463,20210101,20210113,20210108,28917,7,24.49
477,20210101,20210113,20210108,11383,7,4.99
479,20210101,20210113,20210108,11383,7,8.99
214,20210101,20210113,20210108,11383,7,34.99
485,20210101,20210113,20210108,17491,6,21.98
222,20210101,20210113,20210108,17491,6,34.99
485,20210102,20210114,20210109,16930,9,21.98
467,20210102,20210114,20210109,16930,9,24.49
475,20210102,20210114,20210109,27516,9,69.99
490,20210102,20210114,20210109,27516,9,53.99
477,20210102,20210114,20210109,11115,9,4.99
478,20210102,20210114,20210109,11115,9,9.99
473,20210102,20210114,20210109,11115,9,63.50
484,20210102,20210114,20210109,11467,9,7.95
529,20210102,20210114,20210109,13124,9,3.99
541,20210102,20210114,20210109,26637,4,28.99
530,20210102,20210114,20210109,26637,4,4.99
463,20210102,20210114,20210109,26637,4,24.49
539,20210102,20210114,20210109,28762,1,24.99
480,20210102,20210114,20210109,28762,1,2.29
535,20210102,20210114,20210109,26193,4,24.99
480,20210102,20210114,20210109,26193,4,2.29
484,20210102,20210114,20210109,26193,4,7.95
528,20210102,20210114,20210109,22548,4,4.99
536,20210102,20210114,20210109,22548,4,29.99
480,20210102,20210114,20210109,22548,4,2.29
478,20210102,20210114,20210109,21714,1,9.99
477,20210102,20210114,20210109,21714,1,4.99
231,20210102,20210114,20210109,21714,1,49.99
528,20210102,20210114,20210109,17867,6,4.99
536,20210102,20210114,20210109,17867,6,29.99
222,20210102,20210114,20210109,17867,6,34.99
237,20210102,20210114,20210109,17867,6,49.99
478,20210102,20210114,20210109,21935,1,9.99
477,20210102,20210114,20210109,21935,1,4.99
463,20210102,20210114,20210109,21935,1,24.49
477,20210102,20210114,20210109,21901,1,4.99
478,20210102,20210114,20210109,21901,1,9.99
476,20210102,20210114,20210109,12795,6,69.99
237,20210102,20210114,20210109,12795,6,49.99
477,20210102,20210114,20210109,25101,6,4.99
473,20210102,20210114,20210109,25101,6,63.50
528,20210102,20210114,20210109,28245,6,4.99
480,20210102,20210114,20210109,28245,6,2.29
528,20210102,20210114,20210109,15306,1,4.99
222,20210102,20210114,20210109,15306,1,34.99
228,20210102,20210114,20210109,15306,1,49.99
477,20210102,20210114,20210109,16240,4,4.99
485,20210102,20210114,20210109,18535,6,21.98
528,20210102,20210114,20210109,16274,8,4.99
528,20210102,20210114,20210109,18153,8,4.99
537,20210102,20210114,20210109,15448,10,35.00
528,20210102,20210114,20210109,15448,10,4.99
528,20210102,20210114,20210109,14999,10,4.99
537,20210102,20210114,20210109,14999,10,35.00
480,20210102,20210114,20210109,14999,10,2.29
485,20210102,20210114,20210109,14980,8,21.98
217,20210102,20210114,20210109,14980,8,34.99
538,20210102,20210114,20210109,24877,7,21.49
529,20210102,20210114,20210109,24877,7,3.99
481,20210102,20210114,20210109,24877,7,8.99
538,20210102,20210114,20210109,21113,7,21.49
480,20210102,20210114,20210109,21113,7,2.29
477,20210102,20210114,20210109,24145,10,4.99
225,20210102,20210114,20210109,24145,10,8.99
477,20210102,20210114,20210109,22521,8,4.99
541,20210102,20210114,20210109,22624,7,28.99
530,20210102,20210114,20210109,22624,7,4.99
479,20210103,20210115,20210110,11632,6,8.99
477,20210103,20210115,20210110,11632,6,4.99
471,20210103,20210115,20210110,11632,6,63.50
539,20210103,20210115,20210110,15796,9,24.99
536,20210103,20210115,20210110,17237,9,29.99
528,20210103,20210115,20210110,17237,9,4.99
485,20210103,20210115,20210110,17237,9,21.98
488,20210103,20210115,20210110,17237,9,53.99
485,20210103,20210115,20210110,17375,9,21.98
486,20210103,20210115,20210110,12692,9,159.00
530,20210103,20210115,20210110,28023,1,4.99
217,20210103,20210115,20210110,28023,1,34.99
530,20210103,20210115,20210110,26783,1,4.99
541,20210103,20210115,20210110,26783,1,28.99
487,20210103,20210115,20210110,26783,1,54.99
541,20210103,20210115,20210110,13760,6,28.99
530,20210103,20210115,20210110,13760,6,4.99
214,20210103,20210115,20210110,13760,6,34.99
535,20210103,20210115,20210110,25963,1,24.99
541,20210103,20210115,20210110,26580,1,28.99
530,20210103,20210115,20210110,26580,1,4.99
214,20210103,20210115,20210110,26580,1,34.99
540,20210103,20210115,20210110,11287,6,32.60
529,20210103,20210115,20210110,11287,6,3.99
480,20210103,20210115,20210110,11287,6,2.29
536,20210103,20210115,20210110,17657,6,29.99
528,20210103,20210115,20210110,17657,6,4.99
480,20210103,20210115,20210110,17657,6,2.29
475,20210103,20210115,20210110,18846,1,69.99
225,20210103,20210115,20210110,18846,1,8.99
491,20210103,20210115,20210110,18846,1,53.99
477,20210103,20210115,20210110,18507,4,4.99
214,20210103,20210115,20210110,18507,4,34.99
471,20210103,20210115,20210110,18507,4,63.50
476,20210103,20210115,20210110,27377,6,69.99
231,20210103,20210115,20210110,27377,6,49.99
225,20210103,20210115,20210110,27377,6,8.99
477,20210103,20210115,20210110,11723,6,4.99
217,20210103,20210115,20210110,11723,6,34.99
477,20210103,20210115,20210110,18107,4,4.99
225,20210103,20210115,20210110,18107,4,8.99
477,20210103,20210115,20210110,12056,6,4.99
222,20210103,20210115,20210110,12056,6,34.99
528,20210103,20210115,20210110,14583,1,4.99
528,20210103,20210115,20210110,14407,4,4.99
214,20210103,20210115,20210110,14407,4,34.99
465,20210103,20210115,20210110,14407,4,24.49
528,20210103,20210115,20210110,23350,6,4.99
487,20210103,20210115,20210110,23350,6,54.99
528,20210103,20210115,20210110,19525,6,4.99
214,20210103,20210115,20210110,19525,6,34.99
528,20210103,20210115,20210110,17939,7,4.99
536,20210103,20210115,20210110,17939,7,29.99
480,20210103,20210115,20210110,17939,7,2.29
478,20210103,20210115,20210110,13601,8,9.99
214,20210103,20210115,20210110,13601,8,34.99
536,20210103,20210115,20210110,20799,8,29.99
480,20210103,20210115,20210110,20799,8,2.29
529,20210103,20210115,20210110,26820,10,3.99
538,20210103,20210115,20210110,26951,8,21.49
529,20210103,20210115,20210110,26951,8,3.99
217,20210103,20210115,20210110,26951,8,34.99
530,20210103,20210115,20210110,16443,10,4.99
528,20210103,20210115,20210110,11645,1,4.99
537,20210103,20210115,20210110,11645,1,35.00
217,20210103,20210115,20210110,11645,1,34.99
465,20210103,20210115,20210110,11645,1,24.49
537,20210103,20210115,20210110,11294,1,35.00
528,20210103,20210115,20210110,11294,1,4.99
535,20210104,20210116,20210111,12696,9,24.99
477,20210104,20210116,20210111,20309,9,4.99
472,20210104,20210116,20210111,20309,9,63.50
529,20210104,20210116,20210111,14019,9,3.99
540,20210104,20210116,20210111,14019,9,32.60
231,20210104,20210116,20210111,17296,9,49.99
530,20210104,20210116,20210111,19587,9,4.99
541,20210104,20210116,20210111,19587,9,28.99
217,20210104,20210116,20210111,19587,9,34.99
465,20210104,20210116,20210111,19587,9,24.49
480,20210104,20210116,20210111,18730,9,2.29
491,20210104,20210116,20210111,11668,4,53.99
541,20210104,20210116,20210111,27190,4,28.99
530,20210104,20210116,20210111,27190,4,4.99
480,20210104,20210116,20210111,27190,4,2.29
540,20210104,20210116,20210111,14371,6,32.60
535,20210104,20210116,20210111,21703,6,24.99
528,20210104,20210116,20210111,21703,6,4.99
535,20210104,20210116,20210111,25881,4,24.99
535,20210104,20210116,20210111,20087,6,24.99
480,20210104,20210116,20210111,20087,6,2.29
528,20210104,20210116,20210111,23243,1,4.99
536,20210104,20210116,20210111,23243,1,29.99
528,20210104,20210116,20210111,23020,1,4.99
536,20210104,20210116,20210111,23020,1,29.99
485,20210104,20210116,20210111,23020,1,21.98
478,20210104,20210116,20210111,23020,1,9.99
477,20210104,20210116,20210111,23020,1,4.99
222,20210104,20210116,20210111,23020,1,34.99
529,20210104,20210116,20210111,16071,6,3.99
540,20210104,20210116,20210111,16071,6,32.60
477,20210104,20210116,20210111,16816,4,4.99
477,20210104,20210116,20210111,18472,1,4.99
237,20210104,20210116,20210111,18472,1,49.99
463,20210104,20210116,20210111,18472,1,24.49
485,20210104,20210116,20210111,13919,4,21.98
472,20210104,20210116,20210111,13919,4,63.50
485,20210104,20210116,20210111,15259,4,21.98
528,20210104,20210116,20210111,14785,7,4.99
217,20210104,20210116,20210111,14785,7,34.99
225,20210104,20210116,20210111,14785,7,8.99
529,20210104,20210116,20210111,19937,8,3.99
539,20210104,20210116,20210111,19937,8,24.99
222,20210104,20210116,20210111,19937,8,34.99
225,20210104,20210116,20210111,19937,8,8.99
539,20210104,20210116,20210111,20136,10,24.99
480,20210104,20210116,20210111,20136,10,2.29
528,20210104,20210116,20210111,17938,7,4.99
536,20210104,20210116,20210111,17938,7,29.99
480,20210104,20210116,20210111,17938,7,2.29
477,20210104,20210116,20210111,21837,8,4.99
473,20210104,20210116,20210111,21837,8,63.50
530,20210104,20210116,20210111,27318,7,4.99
225,20210104,20210116,20210111,27318,7,8.99
541,20210104,20210116,20210111,27318,7,28.99
530,20210104,20210116,20210111,13677,8,4.99
214,20210104,20210116,20210111,13677,8,34.99
537,20210104,20210116,20210111,11218,1,35.00
480,20210104,20210116,20210111,11218,1,2.29
485,20210104,20210116,20210111,16133,6,21.98
217,20210104,20210116,20210111,16133,6,34.99
217,20210104,20210116,20210111,11435,8,34.99
539,20210105,20210117,20210112,15758,9,24.99
529,20210105,20210117,20210112,15758,9,3.99
222,20210105,20210117,20210112,15758,9,34.99
539,20210105,20210117,20210112,15186,9,24.99
480,20210105,20210117,20210112,15186,9,2.29
536,20210105,20210117,20210112,19651,9,29.99
528,20210105,20210117,20210112,19651,9,4.99
485,20210105,20210117,20210112,19651,9,21.98
480,20210105,20210117,20210112,19651,9,2.29
536,20210105,20210117,20210112,16633,9,29.99
477,20210105,20210117,20210112,23530,9,4.99
217,20210105,20210117,20210112,23530,9,34.99
234,20210105,20210117,20210112,14675,9,49.99
487,20210105,20210117,20210112,14684,9,54.99
489,20210105,20210117,20210112,18330,9,53.99
214,20210105,20210117,20210112,11091,6,34.99
489,20210105,20210117,20210112,14265,6,53.99
480,20210105,20210117,20210112,11644,1,2.29
480,20210105,20210117,20210112,11309,1,2.29
529,20210105,20210117,20210112,11235,1,3.99
222,20210105,20210117,20210112,11235,1,34.99
465,20210105,20210117,20210112,11235,1,24.49
529,20210105,20210117,20210112,28863,1,3.99
539,20210105,20210117,20210112,28863,1,24.99
214,20210105,20210117,20210112,28863,1,34.99
529,20210105,20210117,20210112,11182,1,3.99
217,20210105,20210117,20210112,11182,1,34.99
541,20210105,20210117,20210112,26170,4,28.99
530,20210105,20210117,20210112,13762,6,4.99
225,20210105,20210117,20210112,13762,6,8.99
541,20210105,20210117,20210112,13762,6,28.99
535,20210105,20210117,20210112,26595,1,24.99
529,20210105,20210117,20210112,16800,6,3.99
540,20210105,20210117,20210112,16800,6,32.60
529,20210105,20210117,20210112,16948,6,3.99
540,20210105,20210117,20210112,16948,6,32.60
222,20210105,20210117,20210112,16948,6,34.99
529,20210105,20210117,20210112,25178,1,3.99
540,20210105,20210117,20210112,25178,1,32.60
535,20210105,20210117,20210112,26108,4,24.99
528,20210105,20210117,20210112,26108,4,4.99
480,20210105,20210117,20210112,26108,4,2.29
536,20210105,20210117,20210112,23590,4,29.99
528,20210105,20210117,20210112,23590,4,4.99
222,20210105,20210117,20210112,23590,4,34.99
478,20210105,20210117,20210112,21395,1,9.99
217,20210105,20210117,20210112,21395,1,34.99
490,20210105,20210117,20210112,21395,1,53.99
478,20210105,20210117,20210112,20393,4,9.99
477,20210105,20210117,20210112,20393,4,4.99
478,20210105,20210117,20210112,20491,1,9.99
225,20210105,20210117,20210112,20491,1,8.99
477,20210105,20210117,20210112,20491,1,4.99
475,20210105,20210117,20210112,20276,1,69.99
225,20210105,20210117,20210112,20276,1,8.99
237,20210105,20210117,20210112,20276,1,49.99
477,20210105,20210117,20210112,17549,4,4.99
222,20210105,20210117,20210112,17549,4,34.99
477,20210105,20210117,20210112,24663,6,4.99
489,20210105,20210117,20210112,24663,6,53.99
477,20210105,20210117,20210112,16883,4,4.99
222,20210105,20210117,20210112,16883,4,34.99
481,20210105,20210117,20210112,16883,4,8.99
528,20210105,20210117,20210112,16239,4,4.99
214,20210105,20210117,20210112,16239,4,34.99
528,20210105,20210117,20210112,16070,4,4.99
217,20210105,20210117,20210112,16070,4,34.99
528,20210105,20210117,20210112,14482,1,4.99
217,20210105,20210117,20210112,14482,1,34.99
234,20210105,20210117,20210112,14482,1,49.99
485,20210105,20210117,20210112,14340,1,21.98
485,20210105,20210117,20210112,18642,6,21.98
478,20210105,20210117,20210112,18642,6,9.99
477,20210105,20210117,20210112,18642,6,4.99
214,20210105,20210117,20210112,18642,6,34.99
237,20210105,20210117,20210112,18642,6,49.99
463,20210105,20210117,20210112,18642,6,24.49
540,20210105,20210117,20210112,13798,10,32.60
529,20210105,20210117,20210112,13798,10,3.99
471,20210105,20210117,20210112,13798,10,63.50
540,20210105,20210117,20210112,13611,7,32.60
529,20210105,20210117,20210112,13611,7,3.99
480,20210105,20210117,20210112,13611,7,2.29
477,20210105,20210117,20210112,23978,10,4.99
214,20210105,20210117,20210112,23978,10,34.99
536,20210105,20210117,20210112,22305,10,29.99
528,20210105,20210117,20210112,22305,10,4.99
217,20210105,20210117,20210112,22305,10,34.99
234,20210105,20210117,20210112,22305,10,49.99
529,20210105,20210117,20210112,24042,8,3.99
481,20210105,20210117,20210112,24042,8,8.99
529,20210105,20210117,20210112,26863,10,3.99
529,20210105,20210117,20210112,25790,7,3.99
538,20210105,20210117,20210112,25790,7,21.49
222,20210105,20210117,20210112,25790,7,34.99
225,20210105,20210117,20210112,25790,7,8.99
530,20210105,20210117,20210112,24185,7,4.99
480,20210105,20210117,20210112,24185,7,2.29
541,20210105,20210117,20210112,14992,10,28.99
530,20210105,20210117,20210112,14992,10,4.99
480,20210105,20210117,20210112,14992,10,2.29
530,20210105,20210117,20210112,27793,7,4.99
231,20210105,20210117,20210112,27793,7,49.99
537,20210105,20210117,20210112,11985,1,35.00
528,20210105,20210117,20210112,11985,1,4.99
528,20210105,20210117,20210112,12203,6,4.99
537,20210105,20210117,20210112,12203,6,35.00
480,20210105,20210117,20210112,12203,6,2.29
485,20210105,20210117,20210112,12890,4,21.98
231,20210105,20210117,20210112,12890,4,49.99
537,20210105,20210117,20210112,12417,4,35.00
485,20210105,20210117,20210112,12417,4,21.98
480,20210105,20210117,20210112,12417,4,2.29
485,20210105,20210117,20210112,16849,6,21.98
214,20210105,20210117,20210112,16849,6,34.99
222,20210105,20210117,20210112,11597,7,34.99
225,20210106,20210118,20210113,12040,4,8.99
528,20210106,20210118,20210113,12690,9,4.99
535,20210106,20210118,20210113,12690,9,24.99
480,20210106,20210118,20210113,12690,9,2.29
538,20210106,20210118,20210113,25028,9,21.49
480,20210106,20210118,20210113,25028,9,2.29
478,20210106,20210118,20210113,28960,9,9.99
477,20210106,20210118,20210113,28960,9,4.99
222,20210106,20210118,20210113,28960,9,34.99
214,20210106,20210118,20210113,13157,9,34.99
479,20210106,20210118,20210113,19953,9,8.99
477,20210106,20210118,20210113,19953,9,4.99
481,20210106,20210118,20210113,19953,9,8.99
529,20210106,20210118,20210113,11236,1,3.99
217,20210106,20210118,20210113,11236,1,34.99
539,20210106,20210118,20210113,29244,4,24.99
529,20210106,20210118,20210113,29244,4,3.99
480,20210106,20210118,20210113,29244,4,2.29
538,20210106,20210118,20210113,11659,6,21.49
535,20210106,20210118,20210113,11223,6,24.99
465,20210106,20210118,20210113,11223,6,24.49
538,20210106,20210118,20210113,27911,1,21.49
529,20210106,20210118,20210113,27911,1,3.99
540,20210106,20210118,20210113,16370,6,32.60
540,20210106,20210118,20210113,24443,4,32.60
480,20210106,20210118,20210113,24443,4,2.29
528,20210106,20210118,20210113,23093,4,4.99
536,20210106,20210118,20210113,23093,4,29.99
222,20210106,20210118,20210113,23093,4,34.99
478,20210106,20210118,20210113,21734,4,9.99
477,20210106,20210118,20210113,21734,4,4.99
478,20210106,20210118,20210113,13267,6,9.99
477,20210106,20210118,20210113,13267,6,4.99
478,20210106,20210118,20210113,13944,6,9.99
528,20210106,20210118,20210113,23363,6,4.99
485,20210106,20210118,20210113,14361,1,21.98
217,20210106,20210118,20210113,14361,1,34.99
228,20210106,20210118,20210113,14361,1,49.99
528,20210106,20210118,20210113,16576,7,4.99
537,20210106,20210118,20210113,16576,7,35.00
222,20210106,20210118,20210113,16576,7,34.99
231,20210106,20210118,20210113,16576,7,49.99
463,20210106,20210118,20210113,16576,7,24.49
541,20210106,20210118,20210113,27315,8,28.99
530,20210106,20210118,20210113,27315,8,4.99
222,20210106,20210118,20210113,27315,8,34.99
530,20210106,20210118,20210113,14999,10,4.99
480,20210106,20210118,20210113,14999,10,2.29
484,20210106,20210118,20210113,14999,10,7.95
530,20210106,20210118,20210113,28897,7,4.99
217,20210106,20210118,20210113,28897,7,34.99
485,20210106,20210118,20210113,12792,1,21.98
487,20210106,20210118,20210113,12792,1,54.99
485,20210106,20210118,20210113,12911,4,21.98
482,20210106,20210118,20210113,12911,4,8.99
222,20210106,20210118,20210113,11552,8,34.99
538,20210107,20210119,20210114,25027,9,21.49
529,20210107,20210119,20210114,25027,9,3.99
222,20210107,20210119,20210114,25027,9,34.99
477,20210107,20210119,20210114,16488,9,4.99
479,20210107,20210119,20210114,16488,9,8.99
217,20210107,20210119,20210114,16488,9,34.99
473,20210107,20210119,20210114,16488,9,63.50
529,20210107,20210119,20210114,27989,4,3.99
529,20210107,20210119,20210114,27507,4,3.99
538,20210107,20210119,20210114,27507,4,21.49
480,20210107,20210119,20210114,27507,4,2.29
535,20210107,20210119,20210114,11262,6,24.99
480,20210107,20210119,20210114,11262,6,2.29
538,20210107,20210119,20210114,11277,6,21.49
529,20210107,20210119,20210114,11277,6,3.99
535,20210107,20210119,20210114,26103,1,24.99
528,20210107,20210119,20210114,26103,1,4.99
480,20210107,20210119,20210114,26103,1,2.29
536,20210107,20210119,20210114,23461,1,29.99
528,20210107,20210119,20210114,23461,1,4.99
540,20210107,20210119,20210114,15868,6,32.60
529,20210107,20210119,20210114,15868,6,3.99
463,20210107,20210119,20210114,15868,6,24.49
540,20210107,20210119,20210114,14632,6,32.60
529,20210107,20210119,20210114,14632,6,3.99
214,20210107,20210119,20210114,14632,6,34.99
528,20210107,20210119,20210114,22781,4,4.99
536,20210107,20210119,20210114,22781,4,29.99
480,20210107,20210119,20210114,22781,4,2.29
477,20210107,20210119,20210114,21341,4,4.99
478,20210107,20210119,20210114,21341,4,9.99
476,20210107,20210119,20210114,19863,1,69.99
476,20210107,20210119,20210114,11211,6,69.99
528,20210107,20210119,20210114,15574,4,4.99
480,20210107,20210119,20210114,15574,4,2.29
483,20210107,20210119,20210114,15574,4,120.00
485,20210107,20210119,20210114,19150,6,21.98
482,20210107,20210119,20210114,19150,6,8.99
485,20210107,20210119,20210114,16188,10,21.98
222,20210107,20210119,20210114,16188,10,34.99
528,20210107,20210119,20210114,18155,10,4.99
537,20210107,20210119,20210114,18155,10,35.00
485,20210107,20210119,20210114,18155,10,21.98
463,20210107,20210119,20210114,18155,10,24.49
529,20210107,20210119,20210114,12405,10,3.99
540,20210107,20210119,20210114,12405,10,32.60
529,20210107,20210119,20210114,23447,8,3.99
480,20210107,20210119,20210114,23447,8,2.29
530,20210107,20210119,20210114,22703,7,4.99
541,20210107,20210119,20210114,22703,7,28.99
222,20210107,20210119,20210114,22703,7,34.99
541,20210107,20210119,20210114,11566,7,28.99
530,20210107,20210119,20210114,11566,7,4.99
480,20210107,20210119,20210114,11566,7,2.29
537,20210107,20210119,20210114,11186,4,35.00
480,20210107,20210119,20210114,11186,4,2.29
528,20210107,20210119,20210114,11733,4,4.99
537,20210107,20210119,20210114,11733,4,35.00
483,20210107,20210119,20210114,11733,4,120.00
485,20210107,20210119,20210114,15856,6,21.98
477,20210107,20210119,20210114,15856,6,4.99
478,20210107,20210119,20210114,15856,6,9.99
485,20210107,20210119,20210114,17338,6,21.98
477,20210107,20210119,20210114,17338,6,4.99
478,20210107,20210119,20210114,17338,6,9.99
484,20210107,20210119,20210114,17338,6,7.95
485,20210107,20210119,20210114,17126,6,21.98
222,20210107,20210119,20210114,17126,6,34.99
537,20210107,20210119,20210114,13072,1,35.00
483,20210108,20210120,20210115,13172,1,120.00
484,20210108,20210120,20210115,12149,1,7.95
535,20210108,20210120,20210115,14228,9,24.99
536,20210108,20210120,20210115,17068,9,29.99
481,20210108,20210120,20210115,17068,9,8.99
214,20210108,20210120,20210115,15607,9,34.99
465,20210108,20210120,20210115,15607,9,24.49
529,20210108,20210120,20210115,13624,9,3.99
541,20210108,20210120,20210115,19603,9,28.99
530,20210108,20210120,20210115,19603,9,4.99
214,20210108,20210120,20210115,11730,1,34.99
480,20210108,20210120,20210115,11639,4,2.29
529,20210108,20210120,20210115,11085,4,3.99
228,20210108,20210120,20210115,11085,4,49.99
539,20210108,20210120,20210115,11091,6,24.99
529,20210108,20210120,20210115,11091,6,3.99
540,20210108,20210120,20210115,20082,6,32.60
529,20210108,20210120,20210115,20082,6,3.99
214,20210108,20210120,20210115,20082,6,34.99
481,20210108,20210120,20210115,20082,6,8.99
540,20210108,20210120,20210115,25282,4,32.60
535,20210108,20210120,20210115,22014,6,24.99
528,20210108,20210120,20210115,22014,6,4.99
480,20210108,20210120,20210115,22014,6,2.29
484,20210108,20210120,20210115,22014,6,7.95
529,20210108,20210120,20210115,24667,1,3.99
540,20210108,20210120,20210115,24667,1,32.60
536,20210108,20210120,20210115,18317,6,29.99
482,20210108,20210120,20210115,18317,6,8.99
536,20210108,20210120,20210115,24259,1,29.99
536,20210108,20210120,20210115,13096,6,29.99
476,20210108,20210120,20210115,12431,6,69.99
477,20210108,20210120,20210115,18555,4,4.99
528,20210108,20210120,20210115,22969,6,4.99
217,20210108,20210120,20210115,22969,6,34.99
528,20210108,20210120,20210115,22771,6,4.99
485,20210108,20210120,20210115,22771,6,21.98
234,20210108,20210120,20210115,22771,6,49.99
528,20210108,20210120,20210115,15381,1,4.99
528,20210108,20210120,20210115,19411,6,4.99
222,20210108,20210120,20210115,19411,6,34.99
474,20210108,20210120,20210115,28466,7,69.99
228,20210108,20210120,20210115,28466,7,49.99
528,20210108,20210120,20210115,16583,8,4.99
537,20210108,20210120,20210115,16583,8,35.00
480,20210108,20210120,20210115,16583,8,2.29
477,20210108,20210120,20210115,22482,8,4.99
217,20210108,20210120,20210115,22482,8,34.99
536,20210108,20210120,20210115,20938,10,29.99
528,20210108,20210120,20210115,20938,10,4.99
228,20210108,20210120,20210115,20938,10,49.99
529,20210108,20210120,20210115,20919,7,3.99
480,20210108,20210120,20210115,20919,7,2.29
541,20210108,20210120,20210115,14196,10,28.99
530,20210108,20210120,20210115,14196,10,4.99
222,20210108,20210120,20210115,14196,10,34.99
529,20210108,20210120,20210115,19469,7,3.99
217,20210108,20210120,20210115,19469,7,34.99
528,20210108,20210120,20210115,11957,1,4.99
537,20210108,20210120,20210115,11957,1,35.00
480,20210108,20210120,20210115,11957,1,2.29
225,20210108,20210120,20210115,11441,7,8.99
222,20210108,20210120,20210115,11441,7,34.99
484,20210109,20210121,20210116,11923,4,7.95
536,20210109,20210121,20210116,18719,9,29.99
477,20210109,20210121,20210116,18719,9,4.99
536,20210109,20210121,20210116,18326,9,29.99
528,20210109,20210121,20210116,18326,9,4.99
528,20210109,20210121,20210116,18466,9,4.99
536,20210109,20210121,20210116,18466,9,29.99
481,20210109,20210121,20210116,18466,9,8.99
488,20210109,20210121,20210116,17057,9,53.99
529,20210109,20210121,20210116,11179,4,3.99
222,20210109,20210121,20210116,11179,4,34.99
465,20210109,20210121,20210116,11179,4,24.49
529,20210109,20210121,20210116,14282,6,3.99
539,20210109,20210121,20210116,14282,6,24.99
539,20210109,20210121,20210116,29215,1,24.99
529,20210109,20210121,20210116,29215,1,3.99
222,20210109,20210121,20210116,29215,1,34.99
529,20210109,20210121,20210116,11498,6,3.99
541,20210109,20210121,20210116,26597,1,28.99
530,20210109,20210121,20210116,26597,1,4.99
222,20210109,20210121,20210116,26597,1,34.99
529,20210109,20210121,20210116,16772,6,3.99
540,20210109,20210121,20210116,16772,6,32.60
222,20210109,20210121,20210116,16772,6,34.99
231,20210109,20210121,20210116,16772,6,49.99
540,20210109,20210121,20210116,14765,6,32.60
480,20210109,20210121,20210116,14765,6,2.29
536,20210109,20210121,20210116,23182,4,29.99
528,20210109,20210121,20210116,23182,4,4.99
480,20210109,20210121,20210116,23182,4,2.29
536,20210109,20210121,20210116,11200,6,29.99
528,20210109,20210121,20210116,11200,6,4.99
486,20210109,20210121,20210116,11200,6,159.00
478,20210109,20210121,20210116,20777,1,9.99
476,20210109,20210121,20210116,16902,6,69.99
225,20210109,20210121,20210116,19711,1,8.99
476,20210109,20210121,20210116,19711,1,69.99
476,20210109,20210121,20210116,20126,4,69.99
474,20210109,20210121,20210116,18077,6,69.99
482,20210109,20210121,20210116,18077,6,8.99
477,20210109,20210121,20210116,11824,6,4.99
488,20210109,20210121,20210116,11824,6,53.99
528,20210109,20210121,20210116,16024,1,4.99
529,20210109,20210121,20210116,14206,8,3.99
540,20210109,20210121,20210116,14206,8,32.60
483,20210109,20210121,20210116,14206,8,120.00
529,20210109,20210121,20210116,13830,10,3.99
540,20210109,20210121,20210116,13830,10,32.60
486,20210109,20210121,20210116,13830,10,159.00
536,20210109,20210121,20210116,12489,7,29.99
528,20210109,20210121,20210116,12489,7,4.99
214,20210109,20210121,20210116,12489,7,34.99
477,20210109,20210121,20210116,21085,8,4.99
222,20210109,20210121,20210116,21085,8,34.99
477,20210109,20210121,20210116,22382,10,4.99
537,20210109,20210121,20210116,11927,1,35.00
537,20210109,20210121,20210116,11938,4,35.00
485,20210109,20210121,20210116,13094,4,21.98
214,20210109,20210121,20210116,13094,4,34.99
234,20210109,20210121,20210116,12288,10,49.99
225,20210109,20210121,20210116,12288,10,8.99
536,20210110,20210122,20210117,16698,9,29.99
480,20210110,20210122,20210117,16698,9,2.29
485,20210110,20210122,20210117,18711,9,21.98
489,20210110,20210122,20210117,18711,9,53.99
475,20210110,20210122,20210117,27349,9,69.99
490,20210110,20210122,20210117,27349,9,53.99
480,20210110,20210122,20210117,11500,6,2.29
483,20210110,20210122,20210117,13014,1,120.00
529,20210110,20210122,20210117,11065,4,3.99
480,20210110,20210122,20210117,11065,4,2.29
541,20210110,20210122,20210117,27057,1,28.99
535,20210110,20210122,20210117,12430,6,24.99
528,20210110,20210122,20210117,12430,6,4.99
214,20210110,20210122,20210117,12430,6,34.99
540,20210110,20210122,20210117,13708,6,32.60
529,20210110,20210122,20210117,13708,6,3.99
535,20210110,20210122,20210117,26197,1,24.99
528,20210110,20210122,20210117,26197,1,4.99
217,20210110,20210122,20210117,26197,1,34.99
477,20210110,20210122,20210117,16815,4,4.99
225,20210110,20210122,20210117,13481,4,8.99
485,20210110,20210122,20210117,13481,4,21.98
485,20210110,20210122,20210117,14247,1,21.98
222,20210110,20210122,20210117,14247,1,34.99
465,20210110,20210122,20210117,14247,1,24.49
535,20210110,20210122,20210117,16462,8,24.99
465,20210110,20210122,20210117,16462,8,24.49
538,20210110,20210122,20210117,21080,7,21.49
529,20210110,20210122,20210117,21080,7,3.99
214,20210110,20210122,20210117,21080,7,34.99
228,20210110,20210122,20210117,21080,7,49.99
537,20210110,20210122,20210117,11533,5,35.00
485,20210110,20210122,20210117,13281,4,21.98
225,20210110,20210122,20210117,12596,10,8.99
231,20210110,20210122,20210117,11585,10,49.99
539,20210111,20210123,20210118,14678,9,24.99
529,20210111,20210123,20210118,14678,9,3.99
217,20210111,20210123,20210118,14678,9,34.99
488,20210111,20210123,20210118,14678,9,53.99
538,20210111,20210123,20210118,24885,9,21.49
480,20210111,20210123,20210118,24885,9,2.29
484,20210111,20210123,20210118,24885,9,7.95
477,20210111,20210123,20210118,20404,9,4.99
483,20210111,20210123,20210118,20404,9,120.00
536,20210111,20210123,20210118,17321,9,29.99
528,20210111,20210123,20210118,17321,9,4.99
472,20210111,20210123,20210118,17321,9,63.50
217,20210111,20210123,20210118,17321,9,34.99
476,20210111,20210123,20210118,26659,9,69.99
478,20210111,20210123,20210118,11094,9,9.99
477,20210111,20210123,20210118,11094,9,4.99
491,20210111,20210123,20210118,11094,9,53.99
225,20210111,20210123,20210118,11094,9,8.99
480,20210111,20210123,20210118,18742,9,2.29
465,20210111,20210123,20210118,12357,9,24.49
217,20210111,20210123,20210118,11729,1,34.99
483,20210111,20210123,20210118,11019,6,120.00
538,20210111,20210123,20210118,27647,4,21.49
535,20210111,20210123,20210118,11212,6,24.99
480,20210111,20210123,20210118,11212,6,2.29
535,20210111,20210123,20210118,25346,1,24.99
528,20210111,20210123,20210118,25346,1,4.99
214,20210111,20210123,20210118,25346,1,34.99
237,20210111,20210123,20210118,25346,1,49.99
540,20210111,20210123,20210118,14724,6,32.60
529,20210111,20210123,20210118,14724,6,3.99
480,20210111,20210123,20210118,14724,6,2.29
536,20210111,20210123,20210118,22057,1,29.99
528,20210111,20210123,20210118,22057,1,4.99
214,20210111,20210123,20210118,22057,1,34.99
478,20210111,20210123,20210118,20510,1,9.99
487,20210111,20210123,20210118,20510,1,54.99
484,20210111,20210123,20210118,20510,1,7.95
472,20210111,20210123,20210118,18359,4,63.50
477,20210111,20210123,20210118,18359,4,4.99
528,20210111,20210123,20210118,16008,1,4.99
528,20210111,20210123,20210118,23290,6,4.99
480,20210111,20210123,20210118,23290,6,2.29
225,20210111,20210123,20210118,17356,1,8.99
477,20210111,20210123,20210118,17356,1,4.99
528,20210111,20210123,20210118,20499,6,4.99
228,20210111,20210123,20210118,20499,6,49.99
528,20210111,20210123,20210118,14759,4,4.99
480,20210111,20210123,20210118,14759,4,2.29
474,20210111,20210123,20210118,14692,10,69.99
474,20210111,20210123,20210118,15682,8,69.99
477,20210111,20210123,20210118,19303,7,4.99
222,20210111,20210123,20210118,19303,7,34.99
538,20210111,20210123,20210118,19347,10,21.49
529,20210111,20210123,20210118,19347,10,3.99
480,20210111,20210123,20210118,19347,10,2.29
530,20210111,20210123,20210118,25456,7,4.99
528,20210111,20210123,20210118,11519,6,4.99
537,20210111,20210123,20210118,11519,6,35.00
528,20210111,20210123,20210118,11849,4,4.99
537,20210111,20210123,20210118,11849,4,35.00
486,20210111,20210123,20210118,11849,4,159.00
528,20210111,20210123,20210118,11172,1,4.99
537,20210111,20210123,20210118,11172,1,35.00
478,20210111,20210123,20210118,11172,1,9.99
477,20210111,20210123,20210118,11172,1,4.99
217,20210111,20210123,20210118,11172,1,34.99
537,20210111,20210123,20210118,11844,4,35.00
528,20210111,20210123,20210118,11844,4,4.99
222,20210111,20210123,20210118,11844,4,34.99
225,20210111,20210123,20210118,12542,7,8.99
225,20210111,20210123,20210118,12375,7,8.99
222,20210111,20210123,20210118,12375,7,34.99
529,20210112,20210124,20210119,24279,9,3.99
538,20210112,20210124,20210119,24279,9,21.49
491,20210112,20210124,20210119,24279,9,53.99
538,20210112,20210124,20210119,19796,9,21.49
529,20210112,20210124,20210119,19796,9,3.99
214,20210112,20210124,20210119,19796,9,34.99
467,20210112,20210124,20210119,19796,9,24.49
529,20210112,20210124,20210119,12345,9,3.99
541,20210112,20210124,20210119,16480,9,28.99
530,20210112,20210124,20210119,16480,9,4.99
222,20210112,20210124,20210119,16480,9,34.99
225,20210112,20210124,20210119,17322,9,8.99
225,20210112,20210124,20210119,14859,9,8.99
479,20210112,20210124,20210119,13140,9,8.99
477,20210112,20210124,20210119,13140,9,4.99
217,20210112,20210124,20210119,13140,9,34.99
480,20210112,20210124,20210119,11656,4,2.29
530,20210112,20210124,20210119,11019,6,4.99
222,20210112,20210124,20210119,11019,6,34.99
467,20210112,20210124,20210119,11019,6,24.49
530,20210112,20210124,20210119,28677,1,4.99
217,20210112,20210124,20210119,28677,1,34.99
481,20210112,20210124,20210119,28677,1,8.99
538,20210112,20210124,20210119,27029,4,21.49
480,20210112,20210124,20210119,27029,4,2.29
484,20210112,20210124,20210119,27029,4,7.95
530,20210112,20210124,20210119,11176,6,4.99
535,20210112,20210124,20210119,11287,6,24.99
528,20210112,20210124,20210119,11287,6,4.99
541,20210112,20210124,20210119,27010,4,28.99
530,20210112,20210124,20210119,27010,4,4.99
484,20210112,20210124,20210119,27010,4,7.95
540,20210112,20210124,20210119,25071,4,32.60
529,20210112,20210124,20210119,25071,4,3.99
480,20210112,20210124,20210119,25071,4,2.29
478,20210112,20210124,20210119,20775,1,9.99
225,20210112,20210124,20210119,19009,4,8.99
475,20210112,20210124,20210119,19009,4,69.99
477,20210112,20210124,20210119,17673,4,4.99
477,20210112,20210124,20210119,16954,1,4.99
488,20210112,20210124,20210119,16954,1,53.99
225,20210112,20210124,20210119,16954,1,8.99
477,20210112,20210124,20210119,18341,4,4.99
487,20210112,20210124,20210119,18341,4,54.99
484,20210112,20210124,20210119,18341,4,7.95
528,20210112,20210124,20210119,15293,1,4.99
217,20210112,20210124,20210119,15293,1,34.99
528,20210112,20210124,20210119,16502,1,4.99
214,20210112,20210124,20210119,16502,1,34.99
485,20210112,20210124,20210119,17210,8,21.98
478,20210112,20210124,20210119,17210,8,9.99
477,20210112,20210124,20210119,17210,8,4.99
217,20210112,20210124,20210119,17210,8,34.99
540,20210112,20210124,20210119,15690,10,32.60
529,20210112,20210124,20210119,15690,10,3.99
536,20210112,20210124,20210119,22807,10,29.99
528,20210112,20210124,20210119,22807,10,4.99
485,20210112,20210124,20210119,22807,10,21.98
478,20210112,20210124,20210119,22807,10,9.99
477,20210112,20210124,20210119,22807,10,4.99
477,20210112,20210124,20210119,22389,8,4.99
222,20210112,20210124,20210119,22389,8,34.99
477,20210112,20210124,20210119,25785,10,4.99
529,20210112,20210124,20210119,26836,10,3.99
214,20210112,20210124,20210119,26836,10,34.99
529,20210112,20210124,20210119,17819,10,3.99
530,20210112,20210124,20210119,12802,8,4.99
217,20210112,20210124,20210119,12802,8,34.99
528,20210112,20210124,20210119,11067,1,4.99
537,20210112,20210124,20210119,11067,1,35.00
222,20210112,20210124,20210119,11067,1,34.99
463,20210112,20210124,20210119,11067,1,24.49
530,20210112,20210124,20210119,25483,7,4.99
480,20210112,20210124,20210119,25483,7,2.29
485,20210112,20210124,20210119,12876,4,21.98
478,20210112,20210124,20210119,12876,4,9.99
477,20210112,20210124,20210119,12876,4,4.99
231,20210112,20210124,20210119,12519,10,49.99
225,20210113,20210125,20210120,12955,4,8.99
535,20210113,20210125,20210120,13963,9,24.99
528,20210113,20210125,20210120,13963,9,4.99
214,20210113,20210125,20210120,13963,9,34.99
477,20210113,20210125,20210120,20813,9,4.99
214,20210113,20210125,20210120,20813,9,34.99
463,20210113,20210125,20210120,20813,9,24.49
487,20210113,20210125,20210120,17496,9,54.99
472,20210113,20210125,20210120,17496,9,63.50
490,20210113,20210125,20210120,11716,4,53.99
488,20210113,20210125,20210120,11262,6,53.99
529,20210113,20210125,20210120,11142,6,3.99
217,20210113,20210125,20210120,11142,6,34.99
228,20210113,20210125,20210120,12062,4,49.99
538,20210113,20210125,20210120,27676,4,21.49
529,20210113,20210125,20210120,27676,4,3.99
482,20210113,20210125,20210120,27676,4,8.99
535,20210113,20210125,20210120,26288,4,24.99
480,20210113,20210125,20210120,26288,4,2.29
528,20210113,20210125,20210120,24747,4,4.99
535,20210113,20210125,20210120,24747,4,24.99
214,20210113,20210125,20210120,24747,4,34.99
540,20210113,20210125,20210120,24623,1,32.60
536,20210113,20210125,20210120,23124,1,29.99
478,20210113,20210125,20210120,16106,6,9.99
477,20210113,20210125,20210120,16106,6,4.99
225,20210113,20210125,20210120,16106,6,8.99
536,20210113,20210125,20210120,23000,1,29.99
528,20210113,20210125,20210120,23000,1,4.99
465,20210113,20210125,20210120,23000,1,24.49
214,20210113,20210125,20210120,23000,1,34.99
475,20210113,20210125,20210120,11176,6,69.99
237,20210113,20210125,20210120,11176,6,49.99
463,20210113,20210125,20210120,11176,6,24.49
478,20210113,20210125,20210120,20788,4,9.99
475,20210113,20210125,20210120,18952,1,69.99
225,20210113,20210125,20210120,18952,1,8.99
475,20210113,20210125,20210120,18969,1,69.99
473,20210113,20210125,20210120,20275,1,63.50
475,20210113,20210125,20210120,20275,1,69.99
225,20210113,20210125,20210120,16861,4,8.99
477,20210113,20210125,20210120,16861,4,4.99
477,20210113,20210125,20210120,16862,4,4.99
217,20210113,20210125,20210120,16862,4,34.99
477,20210113,20210125,20210120,23719,6,4.99
214,20210113,20210125,20210120,23719,6,34.99
528,20210113,20210125,20210120,21441,6,4.99
480,20210113,20210125,20210120,21441,6,2.29
538,20210113,20210125,20210120,24848,8,21.49
529,20210113,20210125,20210120,20920,7,3.99
480,20210113,20210125,20210120,20920,7,2.29
529,20210113,20210125,20210120,22660,8,3.99
541,20210113,20210125,20210120,14175,10,28.99
530,20210113,20210125,20210120,14175,10,4.99
480,20210113,20210125,20210120,14175,10,2.29
537,20210113,20210125,20210120,12196,6,35.00
537,20210113,20210125,20210120,13491,6,35.00
528,20210113,20210125,20210120,13491,6,4.99
485,20210113,20210125,20210120,13491,6,21.98
214,20210113,20210125,20210120,13491,6,34.99
463,20210113,20210125,20210120,13491,6,24.49
477,20210113,20210125,20210120,11349,8,4.99
479,20210113,20210125,20210120,11349,8,8.99
489,20210113,20210125,20210120,11349,8,53.99
481,20210113,20210125,20210120,19220,6,8.99
485,20210113,20210125,20210120,19220,6,21.98
538,20210114,20210126,20210121,19583,9,21.49
538,20210114,20210126,20210121,18748,9,21.49
529,20210114,20210126,20210121,18748,9,3.99
214,20210114,20210126,20210121,18748,9,34.99
528,20210114,20210126,20210121,25295,9,4.99
222,20210114,20210126,20210121,25295,9,34.99
529,20210114,20210126,20210121,25907,9,3.99
480,20210114,20210126,20210121,25907,9,2.29
477,20210114,20210126,20210121,24495,9,4.99
478,20210114,20210126,20210121,24495,9,9.99
222,20210114,20210126,20210121,15230,9,34.99
234,20210114,20210126,20210121,15230,9,49.99
225,20210114,20210126,20210121,15230,9,8.99
541,20210114,20210126,20210121,19581,9,28.99
530,20210114,20210126,20210121,19581,9,4.99
491,20210114,20210126,20210121,19581,9,53.99
529,20210114,20210126,20210121,11023,4,3.99
480,20210114,20210126,20210121,11023,4,2.29
538,20210114,20210126,20210121,26781,1,21.49
529,20210114,20210126,20210121,26781,1,3.99
222,20210114,20210126,20210121,26781,1,34.99
228,20210114,20210126,20210121,26781,1,49.99
540,20210114,20210126,20210121,11277,6,32.60
529,20210114,20210126,20210121,11277,6,3.99
222,20210114,20210126,20210121,11277,6,34.99
540,20210114,20210126,20210121,14906,6,32.60
225,20210114,20210126,20210121,14906,6,8.99
529,20210114,20210126,20210121,14906,6,3.99
536,20210114,20210126,20210121,11698,6,29.99
536,20210114,20210126,20210121,22779,4,29.99
477,20210114,20210126,20210121,22357,4,4.99
478,20210114,20210126,20210121,22357,4,9.99
222,20210114,20210126,20210121,22357,4,34.99
475,20210114,20210126,20210121,19895,4,69.99
225,20210114,20210126,20210121,19895,4,8.99
228,20210114,20210126,20210121,19895,4,49.99
477,20210114,20210126,20210121,18385,4,4.99
477,20210114,20210126,20210121,18114,4,4.99
489,20210114,20210126,20210121,18114,4,53.99
477,20210114,20210126,20210121,11823,6,4.99
225,20210114,20210126,20210121,11823,6,8.99
528,20210114,20210126,20210121,15825,1,4.99
217,20210114,20210126,20210121,15825,1,34.99
477,20210114,20210126,20210121,16233,4,4.99
217,20210114,20210126,20210121,16233,4,34.99
465,20210114,20210126,20210121,16233,4,24.49
234,20210114,20210126,20210121,16233,4,49.99
485,20210114,20210126,20210121,14431,4,21.98
472,20210114,20210126,20210121,14368,4,63.50
485,20210114,20210126,20210121,14368,4,21.98
485,20210114,20210126,20210121,13946,1,21.98
485,20210114,20210126,20210121,17190,8,21.98
480,20210114,20210126,20210121,17190,8,2.29
485,20210114,20210126,20210121,19059,10,21.98
472,20210114,20210126,20210121,19059,10,63.50
529,20210114,20210126,20210121,14179,8,3.99
540,20210114,20210126,20210121,14179,8,32.60
217,20210114,20210126,20210121,14179,8,34.99
529,20210114,20210126,20210121,19304,8,3.99
539,20210114,20210126,20210121,19304,8,24.99
487,20210114,20210126,20210121,19304,8,54.99
539,20210114,20210126,20210121,19932,7,24.99
536,20210114,20210126,20210121,21740,10,29.99
528,20210114,20210126,20210121,21740,10,4.99
485,20210114,20210126,20210121,21740,10,21.98
228,20210114,20210126,20210121,21740,10,49.99
463,20210114,20210126,20210121,21740,10,24.49
541,20210114,20210126,20210121,14545,10,28.99
530,20210114,20210126,20210121,14545,10,4.99
529,20210114,20210126,20210121,25544,10,3.99
477,20210114,20210126,20210121,22514,8,4.99
489,20210114,20210126,20210121,22514,8,53.99
538,20210114,20210126,20210121,18013,10,21.49
529,20210114,20210126,20210121,18013,10,3.99
480,20210114,20210126,20210121,18013,10,2.29
538,20210114,20210126,20210121,25536,8,21.49
530,20210114,20210126,20210121,13665,10,4.99
541,20210114,20210126,20210121,13665,10,28.99
217,20210114,20210126,20210121,13665,10,34.99
530,20210114,20210126,20210121,16035,10,4.99
528,20210114,20210126,20210121,11633,1,4.99
537,20210114,20210126,20210121,11633,1,35.00
217,20210114,20210126,20210121,11633,1,34.99
528,20210114,20210126,20210121,12176,1,4.99
537,20210114,20210126,20210121,12176,1,35.00
480,20210114,20210126,20210121,12176,1,2.29
225,20210114,20210126,20210121,12601,10,8.99
529,20210115,20210127,20210122,15231,9,3.99
539,20210115,20210127,20210122,15231,9,24.99
480,20210115,20210127,20210122,15231,9,2.29
471,20210115,20210127,20210122,18289,9,63.50
485,20210115,20210127,20210122,18289,9,21.98
537,20210115,20210127,20210122,19268,9,35.00
528,20210115,20210127,20210122,19268,9,4.99
225,20210115,20210127,20210122,22063,9,8.99
476,20210115,20210127,20210122,22063,9,69.99
228,20210115,20210127,20210122,14679,9,49.99
480,20210115,20210127,20210122,11308,1,2.29
530,20210115,20210127,20210122,28174,1,4.99
214,20210115,20210127,20210122,28174,1,34.99
530,20210115,20210127,20210122,28578,1,4.99
222,20210115,20210127,20210122,28578,1,34.99
529,20210115,20210127,20210122,11711,6,3.99
540,20210115,20210127,20210122,11711,6,32.60
529,20210115,20210127,20210122,11176,6,3.99
540,20210115,20210127,20210122,11176,6,32.60
480,20210115,20210127,20210122,11176,6,2.29
528,20210115,20210127,20210122,17680,6,4.99
536,20210115,20210127,20210122,17680,6,29.99
480,20210115,20210127,20210122,17680,6,2.29
484,20210115,20210127,20210122,17680,6,7.95
483,20210115,20210127,20210122,17680,6,120.00
477,20210115,20210127,20210122,13289,6,4.99
225,20210115,20210127,20210122,13289,6,8.99
478,20210115,20210127,20210122,13289,6,9.99
478,20210115,20210127,20210122,22331,4,9.99
477,20210115,20210127,20210122,22331,4,4.99
477,20210115,20210127,20210122,26810,6,4.99
487,20210115,20210127,20210122,26810,6,54.99
484,20210115,20210127,20210122,26810,6,7.95
477,20210115,20210127,20210122,26100,6,4.99
480,20210115,20210127,20210122,26100,6,2.29
528,20210115,20210127,20210122,16076,1,4.99
480,20210115,20210127,20210122,16076,1,2.29
477,20210115,20210127,20210122,12159,6,4.99
217,20210115,20210127,20210122,12159,6,34.99
528,20210115,20210127,20210122,14856,1,4.99
222,20210115,20210127,20210122,14856,1,34.99
528,20210115,20210127,20210122,14500,4,4.99
214,20210115,20210127,20210122,14500,4,34.99
463,20210115,20210127,20210122,14500,4,24.49
529,20210115,20210127,20210122,16257,7,3.99
539,20210115,20210127,20210122,16257,7,24.99
217,20210115,20210127,20210122,16257,7,34.99
225,20210115,20210127,20210122,16257,7,8.99
536,20210115,20210127,20210122,20902,10,29.99
528,20210115,20210127,20210122,20902,10,4.99
480,20210115,20210127,20210122,20902,10,2.29
477,20210115,20210127,20210122,21832,7,4.99
214,20210115,20210127,20210122,21832,7,34.99
538,20210115,20210127,20210122,21675,7,21.49
529,20210115,20210127,20210122,21675,7,3.99
231,20210115,20210127,20210122,21675,7,49.99
463,20210115,20210127,20210122,21675,7,24.49
541,20210115,20210127,20210122,12803,10,28.99
530,20210115,20210127,20210122,12803,10,4.99
480,20210115,20210127,20210122,12803,10,2.29
484,20210115,20210127,20210122,12803,10,7.95
530,20210115,20210127,20210122,16467,10,4.99
480,20210115,20210127,20210122,16467,10,2.29
528,20210115,20210127,20210122,12087,4,4.99
537,20210115,20210127,20210122,12087,4,35.00
480,20210115,20210127,20210122,12087,4,2.29
478,20210115,20210127,20210122,13578,7,9.99
222,20210115,20210127,20210122,13578,7,34.99
222,20210115,20210127,20210122,12313,7,34.99
225,20210115,20210127,20210122,12313,7,8.99
485,20210115,20210127,20210122,12974,4,21.98
217,20210115,20210127,20210122,12974,4,34.99
535,20210116,20210128,20210123,13961,9,24.99
528,20210116,20210128,20210123,13961,9,4.99
485,20210116,20210128,20210123,13961,9,21.98
214,20210116,20210128,20210123,13961,9,34.99
483,20210116,20210128,20210123,12410,4,120.00
528,20210116,20210128,20210123,15437,9,4.99
536,20210116,20210128,20210123,15437,9,29.99
538,20210116,20210128,20210123,18367,9,21.49
477,20210116,20210128,20210123,22858,9,4.99
529,20210116,20210128,20210123,12696,9,3.99
214,20210116,20210128,20210123,12696,9,34.99
481,20210116,20210128,20210123,12696,9,8.99
541,20210116,20210128,20210123,19624,9,28.99
530,20210116,20210128,20210123,19624,9,4.99
487,20210116,20210128,20210123,19624,9,54.99
491,20210116,20210128,20210123,11819,1,53.99
535,20210116,20210128,20210123,26460,1,24.99
535,20210116,20210128,20210123,11277,6,24.99
528,20210116,20210128,20210123,11277,6,4.99
480,20210116,20210128,20210123,11277,6,2.29
540,20210116,20210128,20210123,24438,1,32.60
529,20210116,20210128,20210123,24438,1,3.99
217,20210116,20210128,20210123,24438,1,34.99
463,20210116,20210128,20210123,24438,1,24.49
535,20210116,20210128,20210123,26236,1,24.99
214,20210116,20210128,20210123,26236,1,34.99
528,20210116,20210128,20210123,22757,4,4.99
536,20210116,20210128,20210123,22757,4,29.99
217,20210116,20210128,20210123,22757,4,34.99
465,20210116,20210128,20210123,22757,4,24.49
536,20210116,20210128,20210123,23361,4,29.99
480,20210116,20210128,20210123,23361,4,2.29
478,20210116,20210128,20210123,21296,1,9.99
477,20210116,20210128,20210123,21296,1,4.99
222,20210116,20210128,20210123,21296,1,34.99
234,20210116,20210128,20210123,21296,1,49.99
476,20210116,20210128,20210123,19980,1,69.99
463,20210116,20210128,20210123,19980,1,24.49
477,20210116,20210128,20210123,18419,4,4.99
214,20210116,20210128,20210123,18419,4,34.99
477,20210116,20210128,20210123,11869,6,4.99
467,20210116,20210128,20210123,11869,6,24.49
477,20210116,20210128,20210123,16918,1,4.99
222,20210116,20210128,20210123,16918,1,34.99
467,20210116,20210128,20210123,16918,1,24.49
485,20210116,20210128,20210123,19000,6,21.98
480,20210116,20210128,20210123,19000,6,2.29
485,20210116,20210128,20210123,13738,4,21.98
485,20210116,20210128,20210123,13469,1,21.98
231,20210116,20210128,20210123,13469,1,49.99
528,20210116,20210128,20210123,16285,7,4.99
485,20210116,20210128,20210123,16285,7,21.98
478,20210116,20210128,20210123,16285,7,9.99
477,20210116,20210128,20210123,16285,7,4.99
214,20210116,20210128,20210123,16285,7,34.99
528,20210116,20210128,20210123,14986,10,4.99
537,20210116,20210128,20210123,14986,10,35.00
484,20210116,20210128,20210123,14986,10,7.95
476,20210116,20210128,20210123,15111,7,69.99
481,20210116,20210128,20210123,15111,7,8.99
535,20210116,20210128,20210123,17774,8,24.99
480,20210116,20210128,20210123,17774,8,2.29
225,20210116,20210128,20210123,26844,10,8.99
529,20210116,20210128,20210123,26844,10,3.99
538,20210116,20210128,20210123,28439,10,21.49
529,20210116,20210128,20210123,28439,10,3.99
222,20210116,20210128,20210123,28439,10,34.99
541,20210116,20210128,20210123,26396,8,28.99
530,20210116,20210128,20210123,26396,8,4.99
214,20210116,20210128,20210123,26396,8,34.99
234,20210116,20210128,20210123,26396,8,49.99
529,20210116,20210128,20210123,22706,8,3.99
225,20210116,20210128,20210123,22706,8,8.99
491,20210116,20210128,20210123,22706,8,53.99
541,20210116,20210128,20210123,19486,10,28.99
530,20210116,20210128,20210123,19486,10,4.99
217,20210116,20210128,20210123,19486,10,34.99
231,20210116,20210128,20210123,19486,10,49.99
528,20210116,20210128,20210123,11190,4,4.99
537,20210116,20210128,20210123,11190,4,35.00
537,20210116,20210128,20210123,12055,6,35.00
480,20210116,20210128,20210123,12055,6,2.29
484,20210116,20210128,20210123,12055,6,7.95
485,20210116,20210128,20210123,12456,1,21.98
537,20210116,20210128,20210123,12943,4,35.00
528,20210116,20210128,20210123,12943,4,4.99
485,20210116,20210128,20210123,12943,4,21.98
217,20210116,20210128,20210123,12943,4,34.99
529,20210117,20210129,20210124,15594,9,3.99
539,20210117,20210129,20210124,15594,9,24.99
480,20210117,20210129,20210124,15594,9,2.29
536,20210117,20210129,20210124,20428,9,29.99
477,20210117,20210129,20210124,24479,9,4.99
480,20210117,20210129,20210124,24479,9,2.29
528,20210117,20210129,20210124,25237,9,4.99
214,20210117,20210129,20210124,25237,9,34.99
489,20210117,20210129,20210124,25237,9,53.99
465,20210117,20210129,20210124,25237,9,24.49
222,20210117,20210129,20210124,13040,9,34.99
529,20210117,20210129,20210124,11212,6,3.99
214,20210117,20210129,20210124,11212,6,34.99
529,20210117,20210129,20210124,28024,4,3.99
538,20210117,20210129,20210124,28024,4,21.49
480,20210117,20210129,20210124,28024,4,2.29
484,20210117,20210129,20210124,28024,4,7.95
486,20210117,20210129,20210124,28024,4,159.00
535,20210117,20210129,20210124,26336,4,24.99
480,20210117,20210129,20210124,26336,4,2.29
540,20210117,20210129,20210124,15197,6,32.60
480,20210117,20210129,20210124,15197,6,2.29
540,20210117,20210129,20210124,24964,1,32.60
529,20210117,20210129,20210124,24964,1,3.99
217,20210117,20210129,20210124,24964,1,34.99
234,20210117,20210129,20210124,24964,1,49.99
536,20210117,20210129,20210124,23285,1,29.99
528,20210117,20210129,20210124,23285,1,4.99
214,20210117,20210129,20210124,23285,1,34.99
478,20210117,20210129,20210124,20688,1,9.99
477,20210117,20210129,20210124,20688,1,4.99
489,20210117,20210129,20210124,20688,1,53.99
478,20210117,20210129,20210124,20772,4,9.99
487,20210117,20210129,20210124,20772,4,54.99
484,20210117,20210129,20210124,20772,4,7.95
477,20210117,20210129,20210124,17378,1,4.99
217,20210117,20210129,20210124,17378,1,34.99
528,20210117,20210129,20210124,19872,6,4.99
480,20210117,20210129,20210124,19872,6,2.29
528,20210117,20210129,20210124,15749,1,4.99
480,20210117,20210129,20210124,15749,1,2.29
485,20210117,20210129,20210124,22217,6,21.98
478,20210117,20210129,20210124,22217,6,9.99
463,20210117,20210129,20210124,22217,6,24.49
477,20210117,20210129,20210124,22217,6,4.99
528,20210117,20210129,20210124,14977,7,4.99
535,20210117,20210129,20210124,14977,7,24.99
528,20210117,20210129,20210124,21066,10,4.99
536,20210117,20210129,20210124,21066,10,29.99
485,20210117,20210129,20210124,21066,10,21.98
463,20210117,20210129,20210124,21066,10,24.49
228,20210117,20210129,20210124,21066,10,49.99
477,20210117,20210129,20210124,23767,10,4.99
482,20210117,20210129,20210124,23767,10,8.99
539,20210117,20210129,20210124,19915,8,24.99
529,20210117,20210129,20210124,19915,8,3.99
231,20210117,20210129,20210124,19915,8,49.99
541,20210117,20210129,20210124,14143,10,28.99
530,20210117,20210129,20210124,14143,10,4.99
479,20210117,20210129,20210124,14143,10,8.99
530,20210117,20210129,20210124,25654,7,4.99
222,20210117,20210129,20210124,25654,7,34.99
541,20210117,20210129,20210124,22682,7,28.99
537,20210117,20210129,20210124,11228,4,35.00
528,20210117,20210129,20210124,11228,4,4.99
217,20210117,20210129,20210124,11228,4,34.99
537,20210117,20210129,20210124,11870,1,35.00
480,20210117,20210129,20210124,11870,1,2.29
483,20210117,20210129,20210124,11870,1,120.00
234,20210117,20210129,20210124,11870,1,49.99
528,20210117,20210129,20210124,12961,1,4.99
537,20210117,20210129,20210124,12961,1,35.00
214,20210117,20210129,20210124,12961,1,34.99
485,20210117,20210129,20210124,13033,4,21.98
478,20210117,20210129,20210124,13033,4,9.99
477,20210117,20210129,20210124,13033,4,4.99
225,20210117,20210129,20210124,13033,4,8.99
222,20210117,20210129,20210124,12233,10,34.99
234,20210117,20210129,20210124,12551,10,49.99
484,20210118,20210130,20210125,11276,6,7.95
484,20210118,20210130,20210125,11874,4,7.95
535,20210118,20210130,20210125,13669,9,24.99
480,20210118,20210130,20210125,13669,9,2.29
538,20210118,20210130,20210125,19573,9,21.49
480,20210118,20210130,20210125,19573,9,2.29
477,20210118,20210130,20210125,23642,9,4.99
225,20210118,20210130,20210125,23642,9,8.99
476,20210118,20210130,20210125,14056,9,69.99
225,20210118,20210130,20210125,14056,9,8.99
489,20210118,20210130,20210125,17282,9,53.99
225,20210118,20210130,20210125,17282,9,8.99
225,20210118,20210130,20210125,17311,9,8.99
491,20210118,20210130,20210125,11692,4,53.99
480,20210118,20210130,20210125,11501,6,2.29
483,20210118,20210130,20210125,11501,6,120.00
480,20210118,20210130,20210125,11636,4,2.29
528,20210118,20210130,20210125,11458,9,4.99
535,20210118,20210130,20210125,11458,9,24.99
222,20210118,20210130,20210125,11458,9,34.99
530,20210118,20210130,20210125,27032,4,4.99
480,20210118,20210130,20210125,27032,4,2.29
540,20210118,20210130,20210125,24823,4,32.60
529,20210118,20210130,20210125,24823,4,3.99
231,20210118,20210130,20210125,24823,4,49.99
225,20210118,20210130,20210125,24823,4,8.99
536,20210118,20210130,20210125,23467,1,29.99
536,20210118,20210130,20210125,12077,6,29.99
478,20210118,20210130,20210125,13701,6,9.99
477,20210118,20210130,20210125,13701,6,4.99
478,20210118,20210130,20210125,11740,6,9.99
477,20210118,20210130,20210125,11740,6,4.99
214,20210118,20210130,20210125,11740,6,34.99
477,20210118,20210130,20210125,18499,1,4.99
476,20210118,20210130,20210125,28346,6,69.99
467,20210118,20210130,20210125,28346,6,24.49
476,20210118,20210130,20210125,18920,4,69.99
225,20210118,20210130,20210125,18920,4,8.99
234,20210118,20210130,20210125,18920,4,49.99
528,20210118,20210130,20210125,21238,6,4.99
480,20210118,20210130,20210125,21238,6,2.29
535,20210118,20210130,20210125,19063,7,24.99
528,20210118,20210130,20210125,19063,7,4.99
217,20210118,20210130,20210125,19063,7,34.99
528,20210118,20210130,20210125,17881,10,4.99
535,20210118,20210130,20210125,17881,10,24.99
480,20210118,20210130,20210125,17881,10,2.29
537,20210118,20210130,20210125,15760,6,35.00
480,20210118,20210130,20210125,15760,6,2.29
485,20210118,20210130,20210125,12443,4,21.98
484,20210118,20210130,20210125,12443,4,7.95
234,20210118,20210130,20210125,12334,10,49.99
538,20210119,20210131,20210126,20455,9,21.49
480,20210119,20210131,20210126,20455,9,2.29
528,20210119,20210131,20210126,21362,9,4.99
217,20210119,20210131,20210126,21362,9,34.99
489,20210119,20210131,20210126,21362,9,53.99
477,20210119,20210131,20210126,24593,9,4.99
489,20210119,20210131,20210126,11680,1,53.99
538,20210119,20210131,20210126,26787,1,21.49
529,20210119,20210131,20210126,26787,1,3.99
217,20210119,20210131,20210126,26787,1,34.99
530,20210119,20210131,20210126,26613,4,4.99
541,20210119,20210131,20210126,26613,4,28.99
487,20210119,20210131,20210126,26613,4,54.99
237,20210119,20210131,20210126,26613,4,49.99
538,20210119,20210131,20210126,18317,6,21.49
480,20210119,20210131,20210126,18317,6,2.29
541,20210119,20210131,20210126,13860,6,28.99
540,20210119,20210131,20210126,25763,1,32.60
529,20210119,20210131,20210126,25763,1,3.99
480,20210119,20210131,20210126,25763,1,2.29
529,20210119,20210131,20210126,18749,6,3.99
540,20210119,20210131,20210126,18749,6,32.60
217,20210119,20210131,20210126,18749,6,34.99
465,20210119,20210131,20210126,18749,6,24.49
478,20210119,20210131,20210126,21301,1,9.99
477,20210119,20210131,20210126,21301,1,4.99
476,20210119,20210131,20210126,11520,6,69.99
237,20210119,20210131,20210126,11520,6,49.99
474,20210119,20210131,20210126,18965,4,69.99
491,20210119,20210131,20210126,18965,4,53.99
476,20210119,20210131,20210126,12097,6,69.99
225,20210119,20210131,20210126,12097,6,8.99
477,20210119,20210131,20210126,27191,6,4.99
463,20210119,20210131,20210126,27191,6,24.49
225,20210119,20210131,20210126,16962,4,8.99
477,20210119,20210131,20210126,16962,4,4.99
528,20210119,20210131,20210126,15383,4,4.99
217,20210119,20210131,20210126,15383,4,34.99
231,20210119,20210131,20210126,15383,4,49.99
465,20210119,20210131,20210126,15383,4,24.49
535,20210119,20210131,20210126,17708,10,24.99
477,20210119,20210131,20210126,17708,10,4.99
471,20210119,20210131,20210126,17708,10,63.50
485,20210119,20210131,20210126,15074,8,21.98
472,20210119,20210131,20210126,15074,8,63.50
476,20210119,20210131,20210126,15113,8,69.99
231,20210119,20210131,20210126,15113,8,49.99
536,20210119,20210131,20210126,17719,7,29.99
481,20210119,20210131,20210126,17719,7,8.99
529,20210119,20210131,20210126,23631,7,3.99
222,20210119,20210131,20210126,23631,7,34.99
225,20210119,20210131,20210126,23631,7,8.99
529,20210119,20210131,20210126,19491,7,3.99
480,20210119,20210131,20210126,19491,7,2.29
529,20210119,20210131,20210126,20899,7,3.99
480,20210119,20210131,20210126,20899,7,2.29
541,20210119,20210131,20210126,26415,8,28.99
530,20210119,20210131,20210126,26415,8,4.99
222,20210119,20210131,20210126,26415,8,34.99
538,20210119,20210131,20210126,25678,8,21.49
529,20210119,20210131,20210126,25678,8,3.99
214,20210119,20210131,20210126,25678,8,34.99
530,20210119,20210131,20210126,28895,8,4.99
479,20210119,20210131,20210126,28895,8,8.99
485,20210119,20210131,20210126,12529,4,21.98
471,20210119,20210131,20210126,12529,4,63.50
485,20210119,20210131,20210126,13211,1,21.98
481,20210119,20210131,20210126,13211,1,8.99
485,20210119,20210131,20210126,16848,6,21.98
481,20210119,20210131,20210126,16848,6,8.99
485,20210119,20210131,20210126,17450,6,21.98
484,20210119,20210131,20210126,17450,6,7.95
478,20210119,20210131,20210126,13604,10,9.99
222,20210119,20210131,20210126,13604,10,34.99
529,20210120,20210201,20210127,11137,1,3.99
480,20210120,20210201,20210127,11137,1,2.29
535,20210120,20210201,20210127,13617,9,24.99
528,20210120,20210201,20210127,13140,9,4.99
535,20210120,20210201,20210127,13140,9,24.99
478,20210120,20210201,20210127,13140,9,9.99
477,20210120,20210201,20210127,13140,9,4.99
480,20210120,20210201,20210127,13140,9,2.29
486,20210120,20210201,20210127,13140,9,159.00
476,20210120,20210201,20210127,26374,9,69.99
491,20210120,20210201,20210127,26374,9,53.99
234,20210120,20210201,20210127,13962,9,49.99
231,20210120,20210201,20210127,14057,9,49.99
530,20210120,20210201,20210127,16030,9,4.99
541,20210120,20210201,20210127,16030,9,28.99
480,20210120,20210201,20210127,16030,9,2.29
541,20210120,20210201,20210127,19104,9,28.99
530,20210120,20210201,20210127,19104,9,4.99
214,20210120,20210201,20210127,19104,9,34.99
480,20210120,20210201,20210127,12034,9,2.29
486,20210120,20210201,20210127,17381,9,159.00
540,20210120,20210201,20210127,14086,9,32.60
529,20210120,20210201,20210127,14086,9,3.99
480,20210120,20210201,20210127,14086,9,2.29
465,20210120,20210201,20210127,12008,9,24.49
480,20210120,20210201,20210127,11200,6,2.29
530,20210120,20210201,20210127,11507,6,4.99
480,20210120,20210201,20210127,11507,6,2.29
530,20210120,20210201,20210127,27538,1,4.99
541,20210120,20210201,20210127,27538,1,28.99
237,20210120,20210201,20210127,27538,1,49.99
535,20210120,20210201,20210127,26008,4,24.99
463,20210120,20210201,20210127,26008,4,24.49
536,20210120,20210201,20210127,15847,6,29.99
528,20210120,20210201,20210127,15847,6,4.99
478,20210120,20210201,20210127,21617,1,9.99
477,20210120,20210201,20210127,21617,1,4.99
478,20210120,20210201,20210127,15511,6,9.99
477,20210120,20210201,20210127,15511,6,4.99
478,20210120,20210201,20210127,14096,6,9.99
477,20210120,20210201,20210127,14096,6,4.99
217,20210120,20210201,20210127,14096,6,34.99
482,20210120,20210201,20210127,14096,6,8.99
478,20210120,20210201,20210127,20466,4,9.99
477,20210120,20210201,20210127,20466,4,4.99
474,20210120,20210201,20210127,18813,1,69.99
228,20210120,20210201,20210127,18813,1,49.99
225,20210120,20210201,20210127,18813,1,8.99
477,20210120,20210201,20210127,18073,4,4.99
225,20210120,20210201,20210127,18073,4,8.99
477,20210120,20210201,20210127,16768,4,4.99
528,20210120,20210201,20210127,15336,4,4.99
480,20210120,20210201,20210127,15336,4,2.29
535,20210120,20210201,20210127,19043,8,24.99
536,20210120,20210201,20210127,19377,8,29.99
528,20210120,20210201,20210127,19377,8,4.99
485,20210120,20210201,20210127,19377,8,21.98
477,20210120,20210201,20210127,19377,8,4.99
478,20210120,20210201,20210127,19377,8,9.99
222,20210120,20210201,20210127,19377,8,34.99
225,20210120,20210201,20210127,19377,8,8.99
477,20210120,20210201,20210127,24714,10,4.99
491,20210120,20210201,20210127,24714,10,53.99
225,20210120,20210201,20210127,24714,10,8.99
529,20210120,20210201,20210127,25296,7,3.99
538,20210120,20210201,20210127,25296,7,21.49
541,20210120,20210201,20210127,28435,8,28.99
530,20210120,20210201,20210127,28435,8,4.99
225,20210120,20210201,20210127,28435,8,8.99
536,20210121,20210202,20210128,17253,9,29.99
528,20210121,20210202,20210128,16635,9,4.99
536,20210121,20210202,20210128,16635,9,29.99
487,20210121,20210202,20210128,16635,9,54.99
484,20210121,20210202,20210128,16635,9,7.95
467,20210121,20210202,20210128,16635,9,24.49
485,20210121,20210202,20210128,16730,9,21.98
228,20210121,20210202,20210128,16730,9,49.99
528,20210121,20210202,20210128,25137,9,4.99
480,20210121,20210202,20210128,25137,9,2.29
477,20210121,20210202,20210128,19752,9,4.99
489,20210121,20210202,20210128,19752,9,53.99
489,20210121,20210202,20210128,17239,9,53.99
486,20210121,20210202,20210128,12690,9,159.00
529,20210121,20210202,20210128,11188,4,3.99
480,20210121,20210202,20210128,11188,4,2.29
530,20210121,20210202,20210128,28873,4,4.99
217,20210121,20210202,20210128,28873,4,34.99
539,20210121,20210202,20210128,28987,4,24.99
529,20210121,20210202,20210128,28987,4,3.99
480,20210121,20210202,20210128,28987,4,2.29
539,20210121,20210202,20210128,29219,4,24.99
480,20210121,20210202,20210128,29219,4,2.29
530,20210121,20210202,20210128,28277,1,4.99
530,20210121,20210202,20210128,28262,1,4.99
480,20210121,20210202,20210128,28262,1,2.29
538,20210121,20210202,20210128,27741,1,21.49
480,20210121,20210202,20210128,27741,1,2.29
530,20210121,20210202,20210128,11711,6,4.99
535,20210121,20210202,20210128,25932,1,24.99
465,20210121,20210202,20210128,25932,1,24.49
535,20210121,20210202,20210128,25004,1,24.99
540,20210121,20210202,20210128,25187,1,32.60
529,20210121,20210202,20210128,25187,1,3.99
217,20210121,20210202,20210128,25187,1,34.99
536,20210121,20210202,20210128,23037,1,29.99
480,20210121,20210202,20210128,23037,1,2.29
478,20210121,20210202,20210128,15826,6,9.99
225,20210121,20210202,20210128,15826,6,8.99
477,20210121,20210202,20210128,15826,6,4.99
474,20210121,20210202,20210128,20737,4,69.99
228,20210121,20210202,20210128,20737,4,49.99
225,20210121,20210202,20210128,20737,4,8.99
475,20210121,20210202,20210128,15377,6,69.99
474,20210121,20210202,20210128,28025,6,69.99
474,20210121,20210202,20210128,18870,1,69.99
477,20210121,20210202,20210128,18505,4,4.99
225,20210121,20210202,20210128,18505,4,8.99
475,20210121,20210202,20210128,18797,1,69.99
225,20210121,20210202,20210128,18797,1,8.99
528,20210121,20210202,20210128,16723,4,4.99
480,20210121,20210202,20210128,16723,4,2.29
540,20210121,20210202,20210128,15694,10,32.60
529,20210121,20210202,20210128,15694,10,3.99
472,20210121,20210202,20210128,15694,10,63.50
536,20210121,20210202,20210128,21083,10,29.99
481,20210121,20210202,20210128,21083,10,8.99
536,20210121,20210202,20210128,18618,7,29.99
480,20210121,20210202,20210128,18618,7,2.29
529,20210121,20210202,20210128,23610,7,3.99
222,20210121,20210202,20210128,23610,7,34.99
477,20210121,20210202,20210128,22802,8,4.99
538,20210121,20210202,20210128,29471,7,21.49
480,20210121,20210202,20210128,29471,7,2.29
541,20210121,20210202,20210128,12871,10,28.99
530,20210121,20210202,20210128,12871,10,4.99
530,20210121,20210202,20210128,27328,7,4.99
541,20210121,20210202,20210128,27328,7,28.99
222,20210121,20210202,20210128,27328,7,34.99
537,20210121,20210202,20210128,11013,1,35.00
528,20210121,20210202,20210128,11013,1,4.99
222,20210121,20210202,20210128,11013,1,34.99
537,20210121,20210202,20210128,11501,6,35.00
528,20210121,20210202,20210128,11501,6,4.99
217,20210121,20210202,20210128,11501,6,34.99
473,20210121,20210202,20210128,11501,6,63.50
537,20210121,20210202,20210128,12776,1,35.00
480,20210121,20210202,20210128,12776,1,2.29
485,20210121,20210202,20210128,16331,6,21.98
484,20210121,20210202,20210128,16331,6,7.95
485,20210121,20210202,20210128,16667,6,21.98
480,20210121,20210202,20210128,16667,6,2.29
484,20210122,20210203,20210129,11501,6,7.95
529,20210122,20210203,20210129,16492,9,3.99
539,20210122,20210203,20210129,16492,9,24.99
488,20210122,20210203,20210129,16492,9,53.99
225,20210122,20210203,20210129,16492,9,8.99
537,20210122,20210203,20210129,21991,9,35.00
528,20210122,20210203,20210129,21991,9,4.99
485,20210122,20210203,20210129,21991,9,21.98
222,20210122,20210203,20210129,21991,9,34.99
463,20210122,20210203,20210129,21991,9,24.49
477,20210122,20210203,20210129,24363,9,4.99
225,20210122,20210203,20210129,24363,9,8.99
488,20210122,20210203,20210129,28782,4,53.99
225,20210122,20210203,20210129,12093,4,8.99
222,20210122,20210203,20210129,11262,6,34.99
539,20210122,20210203,20210129,11506,6,24.99
529,20210122,20210203,20210129,11506,6,3.99
217,20210122,20210203,20210129,11506,6,34.99
481,20210122,20210203,20210129,11506,6,8.99
529,20210122,20210203,20210129,29024,4,3.99
539,20210122,20210203,20210129,29024,4,24.99
480,20210122,20210203,20210129,29024,4,2.29
535,20210122,20210203,20210129,11330,6,24.99
541,20210122,20210203,20210129,11276,6,28.99
530,20210122,20210203,20210129,11276,6,4.99
214,20210122,20210203,20210129,11276,6,34.99
540,20210122,20210203,20210129,25375,4,32.60
541,20210122,20210203,20210129,14341,6,28.99
530,20210122,20210203,20210129,14341,6,4.99
214,20210122,20210203,20210129,14341,6,34.99
536,20210122,20210203,20210129,23702,4,29.99
472,20210122,20210203,20210129,23702,4,63.50
528,20210122,20210203,20210129,23291,1,4.99
536,20210122,20210203,20210129,23291,1,29.99
484,20210122,20210203,20210129,23291,1,7.95
536,20210122,20210203,20210129,22263,1,29.99
528,20210122,20210203,20210129,22263,1,4.99
478,20210122,20210203,20210129,14504,6,9.99
477,20210122,20210203,20210129,14504,6,4.99
214,20210122,20210203,20210129,14504,6,34.99
474,20210122,20210203,20210129,18939,4,69.99
477,20210122,20210203,20210129,17589,1,4.99
487,20210122,20210203,20210129,17589,1,54.99
477,20210122,20210203,20210129,16922,1,4.99
214,20210122,20210203,20210129,16922,1,34.99
225,20210122,20210203,20210129,16922,1,8.99
231,20210122,20210203,20210129,16922,1,49.99
536,20210122,20210203,20210129,21531,7,29.99
528,20210122,20210203,20210129,21531,7,4.99
485,20210122,20210203,20210129,21531,7,21.98
541,20210122,20210203,20210129,23931,7,28.99
530,20210122,20210203,20210129,23931,7,4.99
214,20210122,20210203,20210129,23931,7,34.99
537,20210122,20210203,20210129,11209,4,35.00
485,20210122,20210203,20210129,16721,6,21.98
217,20210122,20210203,20210129,16721,6,34.99
228,20210122,20210203,20210129,16721,6,49.99
485,20210123,20210204,20210130,19086,9,21.98
489,20210123,20210204,20210130,19086,9,53.99
528,20210123,20210204,20210130,25232,9,4.99
484,20210123,20210204,20210130,25232,9,7.95
529,20210123,20210204,20210130,13005,9,3.99
486,20210123,20210204,20210130,13005,9,159.00
490,20210123,20210204,20210130,14557,9,53.99
231,20210123,20210204,20210130,11131,6,49.99
539,20210123,20210204,20210130,27216,4,24.99
529,20210123,20210204,20210130,27216,4,3.99
225,20210123,20210204,20210130,27216,4,8.99
541,20210123,20210204,20210130,27383,4,28.99
530,20210123,20210204,20210130,27383,4,4.99
222,20210123,20210204,20210130,27383,4,34.99
529,20210123,20210204,20210130,28634,1,3.99
539,20210123,20210204,20210130,28634,1,24.99
214,20210123,20210204,20210130,28634,1,34.99
489,20210123,20210204,20210130,28634,1,53.99
225,20210123,20210204,20210130,28634,1,8.99
530,20210123,20210204,20210130,27434,4,4.99
541,20210123,20210204,20210130,27434,4,28.99
480,20210123,20210204,20210130,27434,4,2.29
541,20210123,20210204,20210130,27480,4,28.99
530,20210123,20210204,20210130,27480,4,4.99
222,20210123,20210204,20210130,27480,4,34.99
237,20210123,20210204,20210130,27480,4,49.99
529,20210123,20210204,20210130,24686,4,3.99
540,20210123,20210204,20210130,24686,4,32.60
480,20210123,20210204,20210130,24686,4,2.29
536,20210123,20210204,20210130,23684,4,29.99
528,20210123,20210204,20210130,23684,4,4.99
536,20210123,20210204,20210130,11823,6,29.99
528,20210123,20210204,20210130,11823,6,4.99
217,20210123,20210204,20210130,11823,6,34.99
478,20210123,20210204,20210130,21757,1,9.99
477,20210123,20210204,20210130,21757,1,4.99
222,20210123,20210204,20210130,21757,1,34.99
465,20210123,20210204,20210130,21757,1,24.49
478,20210123,20210204,20210130,20784,4,9.99
478,20210123,20210204,20210130,16506,6,9.99
478,20210123,20210204,20210130,12136,6,9.99
477,20210123,20210204,20210130,12136,6,4.99
217,20210123,20210204,20210130,12136,6,34.99
474,20210123,20210204,20210130,19226,4,69.99
237,20210123,20210204,20210130,19226,4,49.99
477,20210123,20210204,20210130,18070,4,4.99
477,20210123,20210204,20210130,17697,4,4.99
528,20210123,20210204,20210130,16060,4,4.99
480,20210123,20210204,20210130,16060,4,2.29
477,20210123,20210204,20210130,16245,4,4.99
528,20210123,20210204,20210130,14869,1,4.99
478,20210123,20210204,20210130,14869,1,9.99
477,20210123,20210204,20210130,14869,1,4.99
214,20210123,20210204,20210130,14869,1,34.99
528,20210123,20210204,20210130,14575,1,4.99
485,20210123,20210204,20210130,14575,1,21.98
486,20210123,20210204,20210130,14575,1,159.00
485,20210123,20210204,20210130,13731,4,21.98
528,20210123,20210204,20210130,16443,10,4.99
485,20210123,20210204,20210130,16443,10,21.98
222,20210123,20210204,20210130,16443,10,34.99
485,20210123,20210204,20210130,18159,7,21.98
539,20210123,20210204,20210130,14962,8,24.99
529,20210123,20210204,20210130,14962,8,3.99
214,20210123,20210204,20210130,14962,8,34.99
538,20210123,20210204,20210130,27831,8,21.49
529,20210123,20210204,20210130,27831,8,3.99
480,20210123,20210204,20210130,27831,8,2.29
537,20210123,20210204,20210130,13707,6,35.00
528,20210123,20210204,20210130,13707,6,4.99
537,20210123,20210204,20210130,11786,1,35.00
485,20210123,20210204,20210130,11786,1,21.98
222,20210123,20210204,20210130,11786,1,34.99
485,20210123,20210204,20210130,13295,1,21.98
231,20210123,20210204,20210130,13295,1,49.99
528,20210124,20210205,20210131,16622,9,4.99
536,20210124,20210205,20210131,16622,9,29.99
217,20210124,20210205,20210131,16622,9,34.99
529,20210124,20210205,20210131,19582,9,3.99
538,20210124,20210205,20210131,19582,9,21.49
538,20210124,20210205,20210131,20257,9,21.49
474,20210124,20210205,20210131,14054,9,69.99
476,20210124,20210205,20210131,26446,9,69.99
225,20210124,20210205,20210131,26446,9,8.99
214,20210124,20210205,20210131,15758,9,34.99
529,20210124,20210205,20210131,11331,6,3.99
217,20210124,20210205,20210131,11331,6,34.99
529,20210124,20210205,20210131,29262,1,3.99
222,20210124,20210205,20210131,29262,1,34.99
463,20210124,20210205,20210131,29262,1,24.49
529,20210124,20210205,20210131,11502,6,3.99
222,20210124,20210205,20210131,11502,6,34.99
237,20210124,20210205,20210131,11502,6,49.99
225,20210124,20210205,20210131,11502,6,8.99
480,20210124,20210205,20210131,11219,1,2.29
529,20210124,20210205,20210131,27735,1,3.99
538,20210124,20210205,20210131,27735,1,21.49
222,20210124,20210205,20210131,27735,1,34.99
467,20210124,20210205,20210131,27735,1,24.49
529,20210124,20210205,20210131,11642,6,3.99
538,20210124,20210205,20210131,11642,6,21.49
472,20210124,20210205,20210131,11642,6,63.50
535,20210124,20210205,20210131,26172,4,24.99
480,20210124,20210205,20210131,26172,4,2.29
535,20210124,20210205,20210131,25877,1,24.99
528,20210124,20210205,20210131,25877,1,4.99
234,20210124,20210205,20210131,25877,1,49.99
478,20210124,20210205,20210131,15251,6,9.99
477,20210124,20210205,20210131,15251,6,4.99
222,20210124,20210205,20210131,15251,6,34.99
475,20210124,20210205,20210131,27562,6,69.99
467,20210124,20210205,20210131,27562,6,24.49
477,20210124,20210205,20210131,18668,1,4.99
528,20210124,20210205,20210131,15361,4,4.99
214,20210124,20210205,20210131,15361,4,34.99
528,20210124,20210205,20210131,20745,6,4.99
214,20210124,20210205,20210131,20745,6,34.99
467,20210124,20210205,20210131,20745,6,24.49
485,20210124,20210205,20210131,14258,4,21.98
225,20210124,20210205,20210131,14258,4,8.99
228,20210124,20210205,20210131,14258,4,49.99
485,20210124,20210205,20210131,13875,4,21.98
480,20210124,20210205,20210131,13875,4,2.29
485,20210124,20210205,20210131,16035,10,21.98
465,20210124,20210205,20210131,16035,10,24.49
540,20210124,20210205,20210131,28406,7,32.60
472,20210124,20210205,20210131,28406,7,63.50
529,20210124,20210205,20210131,28406,7,3.99
539,20210124,20210205,20210131,18003,8,24.99
529,20210124,20210205,20210131,18003,8,3.99
222,20210124,20210205,20210131,18003,8,34.99
477,20210124,20210205,20210131,22493,8,4.99
541,20210124,20210205,20210131,28566,8,28.99
530,20210124,20210205,20210131,28566,8,4.99
463,20210124,20210205,20210131,28566,8,24.49
538,20210124,20210205,20210131,22538,7,21.49
530,20210124,20210205,20210131,26371,7,4.99
541,20210124,20210205,20210131,26371,7,28.99
530,20210124,20210205,20210131,12801,8,4.99
467,20210124,20210205,20210131,12801,8,24.49
538,20210125,20210206,20210201,26031,9,21.49
480,20210125,20210206,20210201,26031,9,2.29
477,20210125,20210206,20210201,29288,9,4.99
237,20210125,20210206,20210201,29288,9,49.99
530,20210125,20210206,20210201,28138,9,4.99
480,20210125,20210206,20210201,28138,9,2.29
478,20210125,20210206,20210201,11123,9,9.99
477,20210125,20210206,20210201,11123,9,4.99
217,20210125,20210206,20210201,11123,9,34.99
491,20210125,20210206,20210201,11123,9,53.99
214,20210125,20210206,20210201,17305,9,34.99
237,20210125,20210206,20210201,14321,9,49.99
529,20210125,20210206,20210201,11229,4,3.99
214,20210125,20210206,20210201,11229,4,34.99
529,20210125,20210206,20210201,19640,6,3.99
538,20210125,20210206,20210201,19640,6,21.49
480,20210125,20210206,20210201,19640,6,2.29
541,20210125,20210206,20210201,12945,6,28.99
530,20210125,20210206,20210201,12945,6,4.99
479,20210125,20210206,20210201,12945,6,8.99
477,20210125,20210206,20210201,12945,6,4.99
487,20210125,20210206,20210201,12945,6,54.99
535,20210125,20210206,20210201,26605,4,24.99
480,20210125,20210206,20210201,26605,4,2.29
528,20210125,20210206,20210201,12444,6,4.99
535,20210125,20210206,20210201,12444,6,24.99
217,20210125,20210206,20210201,12444,6,34.99
529,20210125,20210206,20210201,24635,4,3.99
540,20210125,20210206,20210201,24635,4,32.60
214,20210125,20210206,20210201,24635,4,34.99
536,20210125,20210206,20210201,22277,1,29.99
536,20210125,20210206,20210201,18535,6,29.99
477,20210125,20210206,20210201,17391,1,4.99
475,20210125,20210206,20210201,18503,4,69.99
491,20210125,20210206,20210201,18503,4,53.99
528,20210125,20210206,20210201,25177,6,4.99
485,20210125,20210206,20210201,25177,6,21.98
478,20210125,20210206,20210201,25177,6,9.99
528,20210125,20210206,20210201,14397,1,4.99
217,20210125,20210206,20210201,14397,1,34.99
485,20210125,20210206,20210201,17686,6,21.98
478,20210125,20210206,20210201,17686,6,9.99
477,20210125,20210206,20210201,17686,6,4.99
214,20210125,20210206,20210201,17686,6,34.99
528,20210125,20210206,20210201,20551,10,4.99
535,20210125,20210206,20210201,20551,10,24.99
217,20210125,20210206,20210201,20551,10,34.99
537,20210125,20210206,20210201,18172,10,35.00
480,20210125,20210206,20210201,18172,10,2.29
485,20210125,20210206,20210201,14168,7,21.98
478,20210125,20210206,20210201,14168,7,9.99
477,20210125,20210206,20210201,14168,7,4.99
214,20210125,20210206,20210201,14168,7,34.99
536,20210125,20210206,20210201,20169,8,29.99
528,20210125,20210206,20210201,20169,8,4.99
214,20210125,20210206,20210201,20169,8,34.99
225,20210125,20210206,20210201,20169,8,8.99
477,20210125,20210206,20210201,24859,10,4.99
222,20210125,20210206,20210201,24859,10,34.99
536,20210125,20210206,20210201,12606,7,29.99
485,20210125,20210206,20210201,12606,7,21.98
483,20210125,20210206,20210201,12606,7,120.00
234,20210125,20210206,20210201,12606,7,49.99
465,20210125,20210206,20210201,12606,7,24.49
528,20210125,20210206,20210201,20947,10,4.99
536,20210125,20210206,20210201,20947,10,29.99
480,20210125,20210206,20210201,20947,10,2.29
477,20210125,20210206,20210201,22820,7,4.99
463,20210125,20210206,20210201,22820,7,24.49
225,20210125,20210206,20210201,24131,7,8.99
530,20210125,20210206,20210201,24131,7,4.99
529,20210125,20210206,20210201,22394,7,3.99
538,20210125,20210206,20210201,22394,7,21.49
530,20210125,20210206,20210201,24118,7,4.99
480,20210125,20210206,20210201,24118,7,2.29
541,20210125,20210206,20210201,23934,7,28.99
530,20210125,20210206,20210201,23934,7,4.99
480,20210125,20210206,20210201,23934,7,2.29
537,20210125,20210206,20210201,12088,1,35.00
528,20210125,20210206,20210201,12088,1,4.99
485,20210125,20210206,20210201,12088,1,21.98
231,20210125,20210206,20210201,12088,1,49.99
535,20210126,20210207,20210202,12038,9,24.99
477,20210126,20210207,20210202,24306,9,4.99
480,20210126,20210207,20210202,24306,9,2.29
528,20210126,20210207,20210202,25817,9,4.99
480,20210126,20210207,20210202,25817,9,2.29
529,20210126,20210207,20210202,16175,9,3.99
214,20210126,20210207,20210202,16175,9,34.99
484,20210126,20210207,20210202,11118,9,7.95
225,20210126,20210207,20210202,15263,9,8.99
225,20210126,20210207,20210202,11711,6,8.99
489,20210126,20210207,20210202,11711,6,53.99
529,20210126,20210207,20210202,15761,6,3.99
529,20210126,20210207,20210202,11185,6,3.99
538,20210126,20210207,20210202,11185,6,21.49
489,20210126,20210207,20210202,11185,6,53.99
535,20210126,20210207,20210202,25908,4,24.99
480,20210126,20210207,20210202,25908,4,2.29
540,20210126,20210207,20210202,14079,6,32.60
529,20210126,20210207,20210202,14079,6,3.99
480,20210126,20210207,20210202,14079,6,2.29
536,20210126,20210207,20210202,18926,6,29.99
480,20210126,20210207,20210202,18926,6,2.29
483,20210126,20210207,20210202,18926,6,120.00
478,20210126,20210207,20210202,22356,4,9.99
477,20210126,20210207,20210202,22356,4,4.99
217,20210126,20210207,20210202,22356,4,34.99
475,20210126,20210207,20210202,20365,1,69.99
478,20210126,20210207,20210202,20473,1,9.99
477,20210126,20210207,20210202,20473,1,4.99
475,20210126,20210207,20210202,18674,6,69.99
491,20210126,20210207,20210202,18674,6,53.99
474,20210126,20210207,20210202,20298,4,69.99
477,20210126,20210207,20210202,17584,4,4.99
217,20210126,20210207,20210202,17584,4,34.99
474,20210126,20210207,20210202,18774,4,69.99
490,20210126,20210207,20210202,18774,4,53.99
225,20210126,20210207,20210202,18774,4,8.99
528,20210126,20210207,20210202,25066,6,4.99
480,20210126,20210207,20210202,25066,6,2.29
484,20210126,20210207,20210202,25066,6,7.95
528,20210126,20210207,20210202,21364,6,4.99
480,20210126,20210207,20210202,21364,6,2.29
528,20210126,20210207,20210202,15300,1,4.99
528,20210126,20210207,20210202,16303,8,4.99
535,20210126,20210207,20210202,16303,8,24.99
483,20210126,20210207,20210202,16303,8,120.00
485,20210126,20210207,20210202,14933,8,21.98
477,20210126,20210207,20210202,14933,8,4.99
478,20210126,20210207,20210202,14933,8,9.99
535,20210126,20210207,20210202,17851,8,24.99
467,20210126,20210207,20210202,17851,8,24.49
529,20210126,20210207,20210202,20134,10,3.99
539,20210126,20210207,20210202,20134,10,24.99
483,20210126,20210207,20210202,20134,10,120.00
489,20210126,20210207,20210202,26369,7,53.99
538,20210126,20210207,20210202,25802,8,21.49
529,20210126,20210207,20210202,25802,8,3.99
217,20210126,20210207,20210202,25802,8,34.99
530,20210126,20210207,20210202,12643,8,4.99
217,20210126,20210207,20210202,12643,8,34.99
491,20210126,20210207,20210202,12643,8,53.99
485,20210126,20210207,20210202,13338,4,21.98
477,20210126,20210207,20210202,13338,4,4.99
478,20210126,20210207,20210202,13338,4,9.99
217,20210126,20210207,20210202,13338,4,34.99
228,20210126,20210207,20210202,13338,4,49.99
485,20210126,20210207,20210202,14514,4,21.98
483,20210126,20210207,20210202,14514,4,120.00
539,20210127,20210208,20210203,17283,9,24.99
529,20210127,20210208,20210203,17283,9,3.99
222,20210127,20210208,20210203,17283,9,34.99
467,20210127,20210208,20210203,17283,9,24.49
538,20210127,20210208,20210203,24374,9,21.49
538,20210127,20210208,20210203,18732,9,21.49
529,20210127,20210208,20210203,18732,9,3.99
217,20210127,20210208,20210203,18732,9,34.99
489,20210127,20210208,20210203,18732,9,53.99
529,20210127,20210208,20210203,12351,9,3.99
482,20210127,20210208,20210203,12351,9,8.99
487,20210127,20210208,20210203,12351,9,54.99
540,20210127,20210208,20210203,16640,9,32.60
529,20210127,20210208,20210203,29216,1,3.99
539,20210127,20210208,20210203,29216,1,24.99
471,20210127,20210208,20210203,29216,1,63.50
538,20210127,20210208,20210203,27392,4,21.49
480,20210127,20210208,20210203,27392,4,2.29
529,20210127,20210208,20210203,27640,4,3.99
538,20210127,20210208,20210203,27640,4,21.49
222,20210127,20210208,20210203,27640,4,34.99
530,20210127,20210208,20210203,11502,6,4.99
217,20210127,20210208,20210203,11502,6,34.99
231,20210127,20210208,20210203,11502,6,49.99
225,20210127,20210208,20210203,11502,6,8.99
535,20210127,20210208,20210203,11176,6,24.99
528,20210127,20210208,20210203,25858,1,4.99
535,20210127,20210208,20210203,25858,1,24.99
480,20210127,20210208,20210203,25858,1,2.29
529,20210127,20210208,20210203,24775,4,3.99
540,20210127,20210208,20210203,24775,4,32.60
535,20210127,20210208,20210203,11875,6,24.99
480,20210127,20210208,20210203,11875,6,2.29
529,20210127,20210208,20210203,24672,1,3.99
540,20210127,20210208,20210203,24672,1,32.60
222,20210127,20210208,20210203,24672,1,34.99
536,20210127,20210208,20210203,13175,6,29.99
528,20210127,20210208,20210203,13175,6,4.99
222,20210127,20210208,20210203,13175,6,34.99
231,20210127,20210208,20210203,13175,6,49.99
478,20210127,20210208,20210203,23273,1,9.99
467,20210127,20210208,20210203,23273,1,24.49
477,20210127,20210208,20210203,23273,1,4.99
478,20210127,20210208,20210203,16370,6,9.99
477,20210127,20210208,20210203,16370,6,4.99
487,20210127,20210208,20210203,16370,6,54.99
484,20210127,20210208,20210203,16370,6,7.95
478,20210127,20210208,20210203,22341,1,9.99
477,20210127,20210208,20210203,22341,1,4.99
237,20210127,20210208,20210203,22341,1,49.99
225,20210127,20210208,20210203,22341,1,8.99
477,20210127,20210208,20210203,12939,6,4.99
472,20210127,20210208,20210203,12939,6,63.50
472,20210127,20210208,20210203,18805,1,63.50
476,20210127,20210208,20210203,18805,1,69.99
485,20210127,20210208,20210203,13929,1,21.98
487,20210127,20210208,20210203,13929,1,54.99
529,20210127,20210208,20210203,26361,10,3.99
228,20210127,20210208,20210203,26361,10,49.99
528,20210127,20210208,20210203,13423,6,4.99
537,20210127,20210208,20210203,13423,6,35.00
483,20210128,20210209,20210204,11078,6,120.00
225,20210128,20210209,20210204,11927,1,8.99
484,20210128,20210209,20210204,11927,1,7.95
484,20210128,20210209,20210204,28789,4,7.95
214,20210128,20210209,20210204,11794,4,34.99
529,20210128,20210209,20210204,14680,9,3.99
539,20210128,20210209,20210204,14680,9,24.99
222,20210128,20210209,20210204,14680,9,34.99
228,20210128,20210209,20210204,14680,9,49.99
538,20210128,20210209,20210204,19585,9,21.49
529,20210128,20210209,20210204,19585,9,3.99
222,20210128,20210209,20210204,19585,9,34.99
528,20210128,20210209,20210204,27686,9,4.99
537,20210128,20210209,20210204,27686,9,35.00
217,20210128,20210209,20210204,27686,9,34.99
538,20210128,20210209,20210204,20601,9,21.49
529,20210128,20210209,20210204,20601,9,3.99
487,20210128,20210209,20210204,20601,9,54.99
538,20210128,20210209,20210204,26564,9,21.49
465,20210128,20210209,20210204,26564,9,24.49
529,20210128,20210209,20210204,26564,9,3.99
529,20210128,20210209,20210204,16170,9,3.99
540,20210128,20210209,20210204,16170,9,32.60
483,20210128,20210209,20210204,16170,9,120.00
484,20210128,20210209,20210204,16927,9,7.95
488,20210128,20210209,20210204,11657,4,53.99
529,20210128,20210209,20210204,11287,6,3.99
222,20210128,20210209,20210204,11287,6,34.99
237,20210128,20210209,20210204,11287,6,49.99
478,20210128,20210209,20210204,21717,4,9.99
217,20210128,20210209,20210204,21717,4,34.99
528,20210128,20210209,20210204,23381,1,4.99
536,20210128,20210209,20210204,23381,1,29.99
480,20210128,20210209,20210204,23381,1,2.29
478,20210128,20210209,20210204,21163,4,9.99
487,20210128,20210209,20210204,21163,4,54.99
484,20210128,20210209,20210204,21163,4,7.95
478,20210128,20210209,20210204,13350,6,9.99
477,20210128,20210209,20210204,13350,6,4.99
473,20210128,20210209,20210204,13350,6,63.50
474,20210128,20210209,20210204,20201,4,69.99
473,20210128,20210209,20210204,20201,4,63.50
476,20210128,20210209,20210204,19893,1,69.99
234,20210128,20210209,20210204,19893,1,49.99
477,20210128,20210209,20210204,18529,5,4.99
217,20210128,20210209,20210204,18529,5,34.99
477,20210128,20210209,20210204,17151,1,4.99
484,20210128,20210209,20210204,17151,1,7.95
528,20210128,20210209,20210204,15160,4,4.99
214,20210128,20210209,20210204,15160,4,34.99
225,20210128,20210209,20210204,15160,4,8.99
234,20210128,20210209,20210204,15160,4,49.99
528,20210128,20210209,20210204,14474,4,4.99
480,20210128,20210209,20210204,14474,4,2.29
485,20210128,20210209,20210204,14029,1,21.98
217,20210128,20210209,20210204,14029,1,34.99
528,20210128,20210209,20210204,21347,6,4.99
485,20210128,20210209,20210204,14114,4,21.98
471,20210128,20210209,20210204,14114,4,63.50
485,20210128,20210209,20210204,13753,4,21.98
487,20210128,20210209,20210204,13753,4,54.99
484,20210128,20210209,20210204,13753,4,7.95
528,20210128,20210209,20210204,19072,10,4.99
217,20210128,20210209,20210204,19072,10,34.99
225,20210128,20210209,20210204,19072,10,8.99
536,20210128,20210209,20210204,21523,8,29.99
481,20210128,20210209,20210204,21523,8,8.99
535,20210128,20210209,20210204,21524,10,24.99
528,20210128,20210209,20210204,21524,10,4.99
222,20210128,20210209,20210204,21524,10,34.99
231,20210128,20210209,20210204,21524,10,49.99
538,20210128,20210209,20210204,24704,8,21.49
538,20210128,20210209,20210204,26832,8,21.49
529,20210128,20210209,20210204,26832,8,3.99
487,20210128,20210209,20210204,26832,8,54.99
530,20210128,20210209,20210204,16402,10,4.99
530,20210128,20210209,20210204,18178,10,4.99
467,20210128,20210209,20210204,18178,10,24.49
530,20210128,20210209,20210204,13671,8,4.99
480,20210128,20210209,20210204,13671,8,2.29
484,20210128,20210209,20210204,13671,8,7.95
483,20210128,20210209,20210204,13671,8,120.00
528,20210128,20210209,20210204,11981,1,4.99
537,20210128,20210209,20210204,11981,1,35.00
480,20210128,20210209,20210204,11981,1,2.29
485,20210128,20210209,20210204,18749,6,21.98
491,20210128,20210209,20210204,18749,6,53.99
225,20210128,20210209,20210204,18749,6,8.99
528,20210128,20210209,20210204,15251,6,4.99
537,20210128,20210209,20210204,15251,6,35.00
214,20210128,20210209,20210204,15251,6,34.99
485,20210128,20210209,20210204,15868,6,21.98
225,20210128,20210209,20210204,15868,6,8.99
485,20210128,20210209,20210204,18759,6,21.98
486,20210128,20210209,20210204,18759,6,159.00
225,20210128,20210209,20210204,18759,6,8.99
